Pregunta,Respuesta 1,Respuesta 2,Respuesta 3,Respuesta 4,Respuesta correcta,Explicación
"Según el artículo 10.1 de la Constitución, ¿qué constituye el fundamento del orden político y de la paz social?","La soberanía nacional, los derechos inviolables que le son inherentes, el libre desarrollo de la personalidad, el respeto a la ley y a los derechos de los demás","La dignidad de la persona, los derechos inviolables que le son inherentes, el libre desarrollo de la personalidad, el respeto a la ley y a los derechos de los demás",El principio de legalidad y la jerarquía normativa en los términos del artículo 9.3,La soberanía nacional y la forma política de monarquía parlamentaria,2,"El art. 10.1 CE establece: 'La dignidad de la persona, los derechos inviolables que le son inherentes, el libre desarrollo de la personalidad, el respeto a la ley y a los derechos de los demás son fundamento del orden político y de la paz social'. https://www.boe.es/buscar/act.php?id=BOE-A-1978-31229#a10"
"Según el artículo 10.2 de la Constitución, ¿con qué criterio deben interpretarse las normas relativas a derechos fundamentales?",De conformidad con la jurisprudencia del Tribunal Constitucional y los tratados y acuerdos internacionales sobre las mismas materias ratificados por España,De conformidad con la Declaración Universal de Derechos Humanos y los tratados y acuerdos internacionales sobre las mismas materias ratificados por España,El principio de legalidad y la jerarquía normativa en los términos del artículo 9.3,La soberanía nacional y la forma política de monarquía parlamentaria,2,El art. 10.2 CE recoge la llamada 'cláusula de interpretación conforme': las normas sobre derechos y libertades fundamentales se interpretarán de conformidad con la Declaración Universal de Derechos Humanos y los tratados y acuerdos internacionales ratificados por España. https://www.boe.es/buscar/act.php?id=BOE-A-1978-31229#a10
"¿Cuál de las siguientes afirmaciones se ajusta a lo dispuesto en el artículo 11 de la Constitución Española sobre la nacionalidad?","La adquisición, conservación y pérdida de la nacionalidad española se regulan por ley y ningún español de origen podrá ser privado de su nacionalidad","Ningún español podrá perder la nacionalidad española en ningún supuesto","La pérdida de la nacionalidad española de origen podrá establecerse mediante ley orgánica en los casos previstos por la Constitución","La adquisición y pérdida de la nacionalidad española solo podrán regularse mediante ley orgánica","1","El artículo 11.1 CE establece que la adquisición, conservación y pérdida de la nacionalidad se regulan por ley. El artículo 11.2 añade que ningún español de origen podrá ser privado de su nacionalidad."
¿Con qué países puede el Estado concertar tratados de doble nacionalidad según el artículo 11.3 de la Constitución?,El principio de legalidad y la jerarquía normativa en los términos del artículo 9.3,Con los países iberoamericanos o aquellos que hayan tenido o tengan una particular vinculación con España,La soberanía nacional y la forma política de monarquía parlamentaria,Con todos los países del mundo sin excepción,2,El art. 11.3 CE permite concertar tratados de doble nacionalidad 'con los países iberoamericanos o con aquellos que hayan tenido o tengan una particular vinculación con España'. https://www.boe.es/buscar/act.php?id=BOE-A-1978-31229#a11
¿A qué edad son mayores de edad los españoles según el artículo 12 de la Constitución?,17 años,18 años,20 años,La ley ordinaria fija la edad libremente,2,El art. 12 CE establece directamente: 'Los españoles son mayores de edad a los dieciocho años'. https://www.boe.es/buscar/act.php?id=BOE-A-1978-31229#a12
¿Qué modificación sufrió el artículo 13.2 de la Constitución en 1992?,El principio de legalidad y la jerarquía normativa en los términos del artículo 9.3,"Se añadió la salvedad de que, por criterios de reciprocidad, se pueda establecer por tratado o ley el sufragio activo y pasivo de extranjeros en elecciones municipales",La soberanía nacional y la forma política de monarquía parlamentaria,La reserva de ley orgánica y el control parlamentario ordinario,2,"La reforma de 27 de agosto de 1992 (BOE-A-1992-20403) modificó el art. 13.2 CE para añadir la excepción de que, atendiendo a criterios de reciprocidad, pueda establecerse por tratado o ley el derecho de sufragio activo y pasivo en elecciones municipales para extranjeros, lo que permitió la ratificación del Tratado de Maastricht. https://www.boe.es/buscar/act.php?id=BOE-A-1978-31229#a13"
¿Qué delitos quedan excluidos de la extradición según el artículo 13.3 de la Constitución?,"Los delitos políticos, sin considerar como tales los informes de terrorismo","Los delitos políticos, sin considerar como tales los actos de terrorismo",Todos los delitos graves,Los delitos cometidos por menores de edad,2,"El art. 13.3 CE dispone que quedan excluidos de la extradición los delitos políticos, 'no considerándose como tales los actos de terrorismo'. https://www.boe.es/buscar/act.php?id=BOE-A-1978-31229#a13"
¿Cuál de las siguientes es la ÚNICA reforma constitucional aprobada antes de 2011?,La del artículo 135 (estabilidad presupuestaria),La del artículo 13.2 (sufragio de extranjeros en elecciones municipales),La del artículo 49 (personas con discapacidad),La del artículo 69.3 (senador de Formentera),2,"La primera reforma constitucional se produjo en 1992 y afectó al artículo 13.2 CE, para permitir el sufragio activo y pasivo de extranjeros en elecciones municipales por reciprocidad. Las reformas del art. 135 (2011), del art. 49 (2024) y del art. 69.3 (2026) son posteriores. https://www.boe.es/buscar/act.php?id=BOE-A-1978-31229#a13"
¿Qué principio consagra el artículo 14 de la Constitución?,"El principio de jerarquía ante la ley, sin discriminación por nacimiento, raza, sexo, religión, opinión u otra condición o circunstancia personal o social","El principio de igualdad ante la ley, sin discriminación por nacimiento, raza, sexo, religión, opinión u otra condición o circunstancia personal o social",El principio de legalidad y la jerarquía normativa en los términos del artículo 9.3,La soberanía nacional y la forma política de monarquía parlamentaria,2,"El art. 14 CE proclama: 'Los españoles son iguales ante la ley, sin que pueda prevalecer discriminación alguna por razón de nacimiento, raza, sexo, religión, opinión o cualquier otra condición o circunstancia personal o social'. https://www.boe.es/buscar/act.php?id=BOE-A-1978-31229#a14"
¿En qué caso permite el artículo 15 de la Constitución la pena de muerte?,El principio de legalidad y la jerarquía normativa en los términos del artículo 9.3,Lo que puedan disponer las leyes penales militares para tiempos de guerra,La soberanía nacional y la forma política de monarquía parlamentaria,En delitos de homicidio con agravantes,2,"El art. 15 CE dispone: 'Queda abolida la pena de muerte, salvo lo que puedan disponer las leyes penales militares para tiempos de guerra'. (Nota: esta excepción fue posteriormente suprimida por la legislación militar ordinaria, pero el texto constitucional la mantiene). https://www.boe.es/buscar/act.php?id=BOE-A-1978-31229#a15"
¿Cuál de los siguientes derechos NO se reconoce en el artículo 15 de la Constitución?,El derecho a la vida,El derecho a la integridad física y moral,La prohibición de torturas y penas o tratos inhumanos o degradantes,El derecho al honor y a la intimidad personal,4,"El art. 15 CE reconoce el derecho a la vida, a la integridad física y moral y prohíbe la tortura y los tratos inhumanos o degradantes. El derecho al honor y a la intimidad se regula en el artículo 18 CE. https://www.boe.es/buscar/act.php?id=BOE-A-1978-31229#a15"
"Según el artículo 16.3 de la Constitución, ¿tiene España una confesión religiosa oficial?",El principio de legalidad y la jerarquía normativa en los términos del artículo 9.3,"No, ninguna confesión tendrá carácter estatal, aunque los poderes públicos cooperarán con la Iglesia Católica y las demás confesiones",La soberanía nacional y la forma política de monarquía parlamentaria,La reserva de ley orgánica y el control parlamentario ordinario,2,El art. 16.3 CE establece: 'Ninguna confesión tendrá carácter estatal. Los poderes públicos tendrán en cuenta las creencias religiosas de la sociedad española y mantendrán las consiguientes relaciones de cooperación con la Iglesia Católica y las demás confesiones'. https://www.boe.es/buscar/act.php?id=BOE-A-1978-31229#a16
"¿Puede alguien ser obligado a declarar sobre su ideología, religión o creencias según el artículo 16.2 de la Constitución?","Sí, si lo requiere una autoridad judicial","No, nadie podrá ser obligado a declarar sobre su ideología, religión o creencias","No, nadie deberá ser obligado a declarar sobre su ideología, religión o creencias",El principio de legalidad y la jerarquía normativa en los términos del artículo 9.3,2,"El art. 16.2 CE dispone tajantemente: 'Nadie podrá ser obligado a declarar sobre su ideología, religión o creencias'. https://www.boe.es/buscar/act.php?id=BOE-A-1978-31229#a16"
"Según el artículo 17.2 de la Constitución, ¿cuál es el plazo máximo de la detención preventiva?",71 horas,73 horas,72 horas,74 horas,3,"El art. 17.2 CE fija que la detención preventiva no podrá durar más del tiempo estrictamente necesario y, en todo caso, 'en el plazo máximo de setenta y dos horas, el detenido deberá ser puesto en libertad o a disposición de la autoridad judicial'. https://www.boe.es/buscar/act.php?id=BOE-A-1978-31229#a17"
¿Qué procedimiento regula el artículo 17.4 de la Constitución para lograr la inmediata puesta a disposición judicial de una persona detenida ilegalmente?,El recurso de amparo,El habeas corpus,El recurso contencioso-administrativo,La cuestión de inconstitucionalidad,2,El art. 17.4 CE dispone que 'la ley regulará un procedimiento de habeas corpus para producir la inmediata puesta a disposición judicial de toda persona detenida ilegalmente'. https://www.boe.es/buscar/act.php?id=BOE-A-1978-31229#a17
¿Cuál de los siguientes derechos se garantiza en el artículo 18 de la Constitución?,"El derecho al honor, a la intimidad personal y familiar y a la propia imagen",El principio de legalidad y la jerarquía normativa en los términos del artículo 9.3,La soberanía nacional y la forma política de monarquía parlamentaria,La reserva de ley orgánica y el control parlamentario ordinario,1,"El art. 18.1 CE garantiza 'el derecho al honor, a la intimidad personal y familiar y a la propia imagen'. El resto de derechos citados se regulan en artículos distintos (21 reunión, 22 asociación, 24 tutela judicial). https://www.boe.es/buscar/act.php?id=BOE-A-1978-31229#a18"
¿En qué caso permite el artículo 18.2 de la Constitución la entrada o registro en un domicilio sin consentimiento del titular ni resolución judicial?,El principio de legalidad y la jerarquía normativa en los términos del artículo 9.3,En caso de flagrante delito,Cuando lo requiera cualquier autoridad administrativa,En situaciones de estado de alarma automáticamente,2,"El art. 18.2 CE establece que el domicilio es inviolable y que ninguna entrada o registro podrá hacerse en él sin consentimiento del titular o resolución judicial, 'salvo en caso de flagrante delito'. https://www.boe.es/buscar/act.php?id=BOE-A-1978-31229#a18"
¿Qué garantiza el artículo 18.3 de la Constitución respecto de las comunicaciones?,"El secreto de las comunicaciones, salvo resolución judicial",La libertad absoluta de comunicación sin límites,El acceso público a las comunicaciones oficiales,La censura previa de las comunicaciones postales,1,"El art. 18.3 CE dispone: 'Se garantiza el secreto de las comunicaciones y, en especial, de las postales, telegráficas y telefónicas, salvo resolución judicial'. https://www.boe.es/buscar/act.php?id=BOE-A-1978-31229#a18"
"Según el artículo 19 de la Constitución, ¿por qué motivos NO puede limitarse el derecho de los españoles a entrar y salir libremente de España?",El principio de legalidad y la jerarquía normativa en los términos del artículo 9.3,La soberanía nacional y la forma política de monarquía parlamentaria,Por motivos políticos o ideológicos,Por motivos de seguridad nacional,3,"El art. 19 CE, tras reconocer el derecho a entrar y salir libremente de España, señala expresamente que 'este derecho no podrá ser limitado por motivos políticos o ideológicos'. https://www.boe.es/buscar/act.php?id=BOE-A-1978-31229#a19"
¿Cuál de los siguientes NO es uno de los derechos reconocidos en el artículo 20.1 de la Constitución?,"El derecho a expresar y difundir libremente pensamientos, ideas y opiniones","El derecho a la producción y creación literaria, artística, científica y técnica",La libertad de cátedra,El derecho de reunión pacífica y sin armas,4,"El art. 20.1 CE reconoce y protege los derechos a la libre expresión, a la producción y creación intelectual, a la libertad de cátedra y a comunicar o recibir libremente información veraz. El derecho de reunión pacífica se regula, en cambio, en el artículo 21 CE. https://www.boe.es/buscar/act.php?id=BOE-A-1978-31229#a20"
¿Mediante qué mecanismo puede restringirse el ejercicio de las libertades del artículo 20 de la Constitución según su apartado 2?,El principio de legalidad y la jerarquía normativa en los términos del artículo 9.3,El ejercicio de estos derechos no puede restringirse mediante ningún tipo de censura previa,La soberanía nacional y la forma política de monarquía parlamentaria,La reserva de ley orgánica y el control parlamentario ordinario,2,El art. 20.2 CE proscribe expresamente la censura previa: 'El ejercicio de estos derechos no puede restringirse mediante ningún tipo de censura previa'. https://www.boe.es/buscar/act.php?id=BOE-A-1978-31229#a20
"¿Quién puede acordar el secuestro de publicaciones, grabaciones u otros medios de información según el artículo 20.5 de la Constitución?",El Gobierno mediante decreto,Únicamente en virtud de resolución judicial,Las Cortes Generales por mayoría absoluta,Únicamente en virtud de propuesta de resolución judicial,2,"El art. 20.5 CE dispone: 'Sólo podrá acordarse el secuestro de publicaciones, grabaciones y otros medios de información en virtud de resolución judicial'. https://www.boe.es/buscar/act.php?id=BOE-A-1978-31229#a20"
¿Necesita autorización previa el ejercicio del derecho de reunión pacífica y sin armas según el artículo 21.1 de la Constitución?,El principio de legalidad y la jerarquía normativa en los términos del artículo 9.3,"No, el ejercicio de este derecho no necesitará autorización previa",La soberanía nacional y la forma política de monarquía parlamentaria,La reserva de ley orgánica y el control parlamentario ordinario,2,El art. 21.1 CE reconoce el derecho de reunión pacífica y sin armas y establece que 'el ejercicio de este derecho no necesitará autorización previa'. https://www.boe.es/buscar/act.php?id=BOE-A-1978-31229#a21
"¿Qué se exige, según el artículo 21.2 de la Constitución, para las reuniones en lugares de tránsito público y manifestaciones?","Comunicación previa a la autoridad, que solo deberá prohibirlas por razones fundadas de alteración del orden público con peligro para personas o bienes","Comunicación previa a la autoridad, que solo podrá prohibirlas por razones fundadas de alteración del orden público con peligro para personas o bienes",El principio de legalidad y la jerarquía normativa en los términos del artículo 9.3,La soberanía nacional y la forma política de monarquía parlamentaria,2,"El art. 21.2 CE exige una simple comunicación previa a la autoridad (no autorización), que 'sólo podrá prohibirlas cuando existan razones fundadas de alteración del orden público, con peligro para personas o bienes'. https://www.boe.es/buscar/act.php?id=BOE-A-1978-31229#a21"
¿Qué asociaciones se consideran ilegales según el artículo 22.2 de la Constitución?,Las que no estén inscritas en el registro,Las que persigan fines o utilicen medios tipificados como delito,Las asociaciones sin ánimo de lucro,El principio de legalidad y la jerarquía normativa en los términos del artículo 9.3,2,El art. 22.2 CE dispone: 'Las asociaciones que persigan fines o utilicen medios tipificados como delito son ilegales'. https://www.boe.es/buscar/act.php?id=BOE-A-1978-31229#a22
¿Cuál es el efecto de la inscripción registral de las asociaciones según el artículo 22.3 de la Constitución?,Es a los solos efectos de confidencialidad,Es a los solos efectos de publicidad,Otorga capacidad jurídica plena que antes no tenían,Es opcional y sin ningún efecto,2,"El art. 22.3 CE aclara que las asociaciones 'deberán inscribirse en un registro a los solos efectos de publicidad', es decir, la inscripción no es constitutiva sino meramente declarativa. https://www.boe.es/buscar/act.php?id=BOE-A-1978-31229#a22"
¿Cómo pueden disolverse o suspenderse las asociaciones según el artículo 22.4 de la Constitución?,Únicamente en virtud de resolución judicial comunicada,Únicamente en virtud de resolución judicial motivada,El principio de legalidad y la jerarquía normativa en los términos del artículo 9.3,Automáticamente si no presentan cuentas anuales,2,El art. 22.4 CE establece: 'Las asociaciones sólo podrán ser disueltas o suspendidas en sus actividades en virtud de resolución judicial motivada'. https://www.boe.es/buscar/act.php?id=BOE-A-1978-31229#a22
¿Qué tipos de asociaciones prohíbe expresamente el artículo 22.5 de la Constitución?,Las asociaciones sin fines de lucro,Las asociaciones secretas y las de carácter paramilitar,El principio de legalidad y la jerarquía normativa en los términos del artículo 9.3,La soberanía nacional y la forma política de monarquía parlamentaria,2,El art. 22.5 CE prohíbe expresamente 'las asociaciones secretas y las de carácter paramilitar'. https://www.boe.es/buscar/act.php?id=BOE-A-1978-31229#a22
¿Qué derechos reconoce el artículo 23 de la Constitución a los ciudadanos?,El derecho a participar en los asuntos públicos y a acceder en condiciones de igualdad a las funciones y cargos públicos,El derecho a participar en los asuntos públicos y a acceder en condiciones de jerarquía a las funciones y cargos públicos,El principio de legalidad y la jerarquía normativa en los términos del artículo 9.3,La soberanía nacional y la forma política de monarquía parlamentaria,1,"El art. 23 CE reconoce el derecho de los ciudadanos a participar en los asuntos públicos, directamente o por medio de representantes, y a acceder en condiciones de igualdad a las funciones y cargos públicos con los requisitos que señalen las leyes. https://www.boe.es/buscar/act.php?id=BOE-A-1978-31229#a23"
¿Cuál de los siguientes derechos NO forma parte del contenido del artículo 24.2 de la Constitución (tutela judicial efectiva y garantías procesales)?,El derecho a un proceso público sin dilaciones indebidas y con todas las garantías,El derecho a no declarar contra sí mismo y a no confesarse culpable,El derecho a la presunción de inocencia,El derecho a la doble instancia penal en todo caso,4,"El art. 24.2 CE reconoce el derecho al juez ordinario predeterminado por la ley, a la defensa y asistencia letrada, a ser informado de la acusación, a un proceso público sin dilaciones indebidas y con todas las garantías, a los medios de prueba pertinentes, a no declarar contra sí mismo, a no confesarse culpable y a la presunción de inocencia. La doble instancia penal generalizada no se menciona en este precepto. https://www.boe.es/buscar/act.php?id=BOE-A-1978-31229#a24"
¿Qué principio consagra el artículo 25.1 de la Constitución?,El principio de legalidad y la jerarquía normativa en los términos del artículo 9.3,"El principio de legalidad penal (nadie puede ser condenado por acciones u omisiones que no constituyan delito, falta o infracción administrativa en el momento de producirse)",La soberanía nacional y la forma política de monarquía parlamentaria,La reserva de ley orgánica y el control parlamentario ordinario,2,"El art. 25.1 CE recoge el principio de legalidad penal: 'Nadie puede ser condenado o sancionado por acciones u omisiones que en el momento de producirse no constituyan delito, falta o infracción administrativa, según la legislación vigente en aquel momento'. https://www.boe.es/buscar/act.php?id=BOE-A-1978-31229#a25"
"Según el artículo 25.2 de la Constitución, ¿hacia qué deben orientarse las penas privativas de libertad y las medidas de seguridad?","Hacia el castigo ejemplarizante, conforme al régimen constitucional aplicable","Hacia la reeducación y reinserción social, sin poder consistir en trabajos forzados",El principio de legalidad y la jerarquía normativa en los términos del artículo 9.3,Hacia la expulsión del territorio nacional,2,El art. 25.2 CE dispone que 'las penas privativas de libertad y las medidas de seguridad estarán orientadas hacia la reeducación y reinserción social y no podrán consistir en trabajos forzados'. https://www.boe.es/buscar/act.php?id=BOE-A-1978-31229#a25
¿Qué prohíbe expresamente el artículo 25.3 de la Constitución?,"Que la Administración civil imponga sanciones que impliquen, directa o subsidiariamente, privación de libertad",El principio de legalidad y la jerarquía normativa en los términos del artículo 9.3,La soberanía nacional y la forma política de monarquía parlamentaria,La reserva de ley orgánica y el control parlamentario ordinario,1,"El art. 25.3 CE establece: 'La Administración civil no podrá imponer sanciones que, directa o subsidiariamente, impliquen privación de libertad'. https://www.boe.es/buscar/act.php?id=BOE-A-1978-31229#a25"
¿Qué prohíbe el artículo 26 de la Constitución?,Los Tribunales de Honor en el ámbito de la Administración civil y de las organizaciones profesionales,"El derecho de petición, conforme al régimen constitucional aplicable",El principio de legalidad y la jerarquía normativa en los términos del artículo 9.3,"El recurso de amparo, conforme al régimen constitucional aplicable",1,El art. 26 CE dispone: 'Se prohíben los Tribunales de Honor en el ámbito de la Administración civil y de las organizaciones profesionales'. https://www.boe.es/buscar/act.php?id=BOE-A-1978-31229#a26
"Según el artículo 27.4 de la Constitución, ¿qué características tiene la enseñanza básica?",Es voluntaria y de pago,Es obligatoria y gratuita,Es obligatoria pero no gratuita,Es gratuita pero no obligatoria,2,El art. 27.4 CE establece de forma tajante: 'La enseñanza básica es obligatoria y gratuita'. https://www.boe.es/buscar/act.php?id=BOE-A-1978-31229#a27
"¿Qué reconoce expresamente el artículo 27.10 de la Constitución Española respecto de las Universidades?","La autonomía de las Universidades, en los términos que la ley establezca.","La autonomía universitaria plena, sin posibilidad de desarrollo o limitación legal.","La autonomía académica y financiera de las Universidades públicas, en los términos previstos por la legislación universitaria.","La autonomía organizativa de todas las instituciones educativas públicas y privadas reconocidas por la ley.","1","El artículo 27.10 CE establece literalmente: 'Se reconoce la autonomía de las Universidades, en los términos que la ley establezca'. Las restantes opciones añaden matices o limitaciones que el precepto constitucional no contempla."
"¿Cuál de los siguientes derechos o principios se reconoce específicamente en el artículo 27.10 de la Constitución Española?","La autonomía de las Universidades, en los términos que la ley establezca.","La libertad de creación de centros docentes, dentro del respeto a los principios constitucionales.","La participación efectiva de todos los sectores afectados en la programación general de la enseñanza.","El derecho de las personas físicas y jurídicas a crear centros docentes, con respeto a los principios constitucionales.","1","El artículo 27.10 CE reconoce la autonomía universitaria. Las restantes opciones corresponden a otros apartados del artículo 27: la participación en la programación general de la enseñanza (27.5) y la libertad de creación de centros docentes (27.6)."
"¿Cuál de las siguientes correspondencias entre el apartado del artículo 27 de la Constitución Española y su contenido es correcta?","Artículo 27.10: se reconoce la autonomía de las Universidades, en los términos que la ley establezca.","Artículo 27.9: se reconoce la autonomía de las Universidades, en los términos que la ley establezca.","Artículo 27.6: se reconoce la autonomía de las Universidades públicas para aprobar sus estatutos.","Artículo 27.5: se garantiza la autonomía universitaria mediante la programación general de la enseñanza.","1","El artículo 27.10 CE reconoce expresamente la autonomía de las Universidades. El artículo 27.5 regula la programación general de la enseñanza y el 27.6 reconoce la libertad de creación de centros docentes."
¿A quién puede la ley limitar o exceptuar el ejercicio del derecho de sindicación según el artículo 28.1 de la Constitución?,A las Fuerzas o Institutos armados o a los demás Cuerpos sometidos a disciplina militar,A los funcionarios de la Administración General del Estado en general,El principio de legalidad y la jerarquía normativa en los términos del artículo 9.3,"A los menores de edad trabajadores, conforme al régimen constitucional aplicable",1,"El art. 28.1 CE señala que la ley 'podrá limitar o exceptuar el ejercicio de este derecho a las Fuerzas o Institutos armados o a los demás Cuerpos sometidos a disciplina militar', regulando además las peculiaridades para funcionarios públicos. https://www.boe.es/buscar/act.php?id=BOE-A-1978-31229#a28"
¿Qué derecho reconoce el artículo 28.2 de la Constitución a los trabajadores para la defensa de sus intereses?,El derecho a la negociación colectiva,El derecho a la huelga,El derecho al salario mínimo,El derecho a la estabilidad en el empleo,2,"El art. 28.2 CE reconoce 'el derecho a la huelga de los trabajadores para la defensa de sus intereses', exigiendo a la ley que la regule garantizar el mantenimiento de los servicios esenciales de la comunidad. https://www.boe.es/buscar/act.php?id=BOE-A-1978-31229#a28"
¿Cómo pueden ejercer el derecho de petición los miembros de las Fuerzas o Institutos armados según el artículo 29.2 de la Constitución?,"Colectivamente, a través de sus representantes sindicales",Sólo individualmente y con arreglo a su legislación específica,No pueden ejercer este derecho en ningún caso,"Igual que el resto de los ciudadanos, sin límites",2,El art. 29.2 CE dispone que los miembros de las Fuerzas o Institutos armados o de los Cuerpos sometidos a disciplina militar 'podrán ejercer este derecho sólo individualmente y con arreglo a lo dispuesto en su legislación específica'. https://www.boe.es/buscar/act.php?id=BOE-A-1978-31229#a29
"¿Qué regula la ley, según el artículo 30.2 de la Constitución, respecto de las obligaciones militares?",El principio de legalidad y la jerarquía normativa en los términos del artículo 9.3,"Las obligaciones militares, la objeción de conciencia y las causas de exención, pudiendo imponer una prestación social sustitutoria",La soberanía nacional y la forma política de monarquía parlamentaria,La prohibición absoluta de cualquier forma de servicio militar,2,"El art. 30.2 CE dispone que la ley fijará las obligaciones militares, regulará con las debidas garantías la objeción de conciencia y las demás causas de exención del servicio militar obligatorio, pudiendo imponer una prestación social sustitutoria. https://www.boe.es/buscar/act.php?id=BOE-A-1978-31229#a30"
¿En qué principios debe inspirarse el sistema tributario según el artículo 31.1 de la Constitución?,"Igualdad y progresividad, sin que en ningún caso tenga alcance confiscatorio",El principio de legalidad y la jerarquía normativa en los términos del artículo 9.3,La soberanía nacional y la forma política de monarquía parlamentaria,Voluntariedad de la contribución,1,"El art. 31.1 CE dispone que todos contribuirán al sostenimiento de los gastos públicos 'mediante un sistema tributario justo inspirado en los principios de igualdad y progresividad que, en ningún caso, tendrá alcance confiscatorio'. https://www.boe.es/buscar/act.php?id=BOE-A-1978-31229#a31"
¿Qué derecho reconoce el artículo 32.1 de la Constitución?,El derecho a contraer matrimonio del hombre y la mujer con plena igualdad jurídica,"El derecho a la propiedad privada, conforme al régimen constitucional aplicable","El derecho a la vivienda digna, conforme al régimen constitucional aplicable","El derecho al trabajo, conforme al régimen constitucional aplicable",1,El art. 32.1 CE establece: 'El hombre y la mujer tienen derecho a contraer matrimonio con plena igualdad jurídica'. https://www.boe.es/buscar/act.php?id=BOE-A-1978-31229#a32
"Según el artículo 33 de la Constitución, ¿en qué caso puede alguien ser privado de sus bienes y derechos?",El principio de legalidad y la jerarquía normativa en los términos del artículo 9.3,"Por causa justificada de utilidad pública o interés social, mediante la correspondiente indemnización",La soberanía nacional y la forma política de monarquía parlamentaria,La reserva de ley orgánica y el control parlamentario ordinario,2,"El art. 33.3 CE dispone: 'Nadie podrá ser privado de sus bienes y derechos sino por causa justificada de utilidad pública o interés social, mediante la correspondiente indemnización y de conformidad con lo dispuesto por las leyes'. https://www.boe.es/buscar/act.php?id=BOE-A-1978-31229#a33"
¿Qué elemento delimita el contenido del derecho de propiedad privada y a la herencia según el artículo 33.2 de la Constitución?,La voluntad del propietario,"La función social de estos derechos, de acuerdo con las leyes",El valor de mercado del bien,La antigüedad de la propiedad,2,"El art. 33.2 CE establece que 'la función social de estos derechos delimitará su contenido, de acuerdo con las leyes'. https://www.boe.es/buscar/act.php?id=BOE-A-1978-31229#a33"
"¿Qué derecho al trabajo reconoce el artículo 35.1 de la Constitución, y qué prohíbe expresamente?",Reconoce el derecho al trabajo y prohíbe expresamente la discriminación por razón de sexo en la remuneración,El principio de legalidad y la jerarquía normativa en los términos del artículo 9.3,Reconoce el derecho al trabajo sin mencionar la no discriminación,La soberanía nacional y la forma política de monarquía parlamentaria,1,"El art. 35.1 CE reconoce el deber de trabajar y el derecho al trabajo, la libre elección de profesión u oficio y una remuneración suficiente, señalando expresamente que ello ha de ser 'sin que en ningún caso pueda hacerse discriminación por razón de sexo'. https://www.boe.es/buscar/act.php?id=BOE-A-1978-31229#a35"
¿Qué exige el artículo 37.1 de la Constitución que garantice la ley respecto de las relaciones laborales colectivas?,"El derecho a la negociación colectiva laboral entre representantes de trabajadores y empresarios, y la fuerza vinculante de los convenios",El principio de legalidad y la jerarquía normativa en los términos del artículo 9.3,La soberanía nacional y la forma política de monarquía parlamentaria,La reserva de ley orgánica y el control parlamentario ordinario,1,"El art. 37.1 CE dispone: 'La ley garantizará el derecho a la negociación colectiva laboral entre los representantes de los trabajadores y empresarios, así como la fuerza vinculante de los convenios'. https://www.boe.es/buscar/act.php?id=BOE-A-1978-31229#a37"
¿En qué marco reconoce el artículo 38 de la Constitución la libertad de empresa?,En el marco de la planificación centralizada,En el marco de la economía de mercado,Sin límite alguno del poder público,El principio de legalidad y la jerarquía normativa en los términos del artículo 9.3,2,"El art. 38 CE reconoce 'la libertad de empresa en el marco de la economía de mercado', comprometiendo a los poderes públicos a garantizar y proteger su ejercicio de acuerdo con las exigencias de la economía general y, en su caso, de la planificación. https://www.boe.es/buscar/act.php?id=BOE-A-1978-31229#a38"
¿Qué tipo de protección de la familia asegura el artículo 39.1 de la Constitución?,"Protección social, económica y jurídica",El principio de legalidad y la jerarquía normativa en los términos del artículo 9.3,La soberanía nacional y la forma política de monarquía parlamentaria,"Ninguna protección específica, remite a la legislación autonómica",1,"El art. 39.1 CE dispone: 'Los poderes públicos aseguran la protección social, económica y jurídica de la familia'. https://www.boe.es/buscar/act.php?id=BOE-A-1978-31229#a39"
¿Qué establece el artículo 39.2 de la Constitución respecto a los hijos ante la ley?,El principio de legalidad y la jerarquía normativa en los términos del artículo 9.3,"Que los hijos son iguales ante la ley con independencia de su filiación, y también las madres, cualquiera que sea su estado civil",La soberanía nacional y la forma política de monarquía parlamentaria,La reserva de ley orgánica y el control parlamentario ordinario,2,"El art. 39.2 CE establece que los poderes públicos aseguran 'la protección integral de los hijos, iguales éstos ante la ley con independencia de su filiación, y de las madres, cualquiera que sea su estado civil'. https://www.boe.es/buscar/act.php?id=BOE-A-1978-31229#a39"
¿Qué política orientarán de manera especial los poderes públicos según el artículo 40.1 de la Constitución?,Una política orientada al pleno empleo,Una política de control de precios,Una política de reducción del gasto público,Una política migratoria restrictiva,1,"El art. 40.1 CE dispone que los poderes públicos 'de manera especial realizarán una política orientada al pleno empleo', dentro de una política de estabilidad económica y de distribución equitativa de la renta. https://www.boe.es/buscar/act.php?id=BOE-A-1978-31229#a40"
¿Qué régimen de Seguridad Social mantendrán los poderes públicos según el artículo 41 de la Constitución?,"Un régimen privado obligatorio, conforme al régimen constitucional aplicable",Un régimen público para todos los ciudadanos que garantice asistencia y prestaciones sociales suficientes ante situaciones de necesidad,El principio de legalidad y la jerarquía normativa en los términos del artículo 9.3,La soberanía nacional y la forma política de monarquía parlamentaria,2,"El art. 41 CE establece que 'los poderes públicos mantendrán un régimen público de Seguridad Social para todos los ciudadanos, que garantice la asistencia y prestaciones sociales suficientes ante situaciones de necesidad, especialmente en caso de desempleo'. https://www.boe.es/buscar/act.php?id=BOE-A-1978-31229#a41"
¿Qué derecho reconoce el artículo 43.1 de la Constitución?,El derecho a la protección de la salud,El derecho a la vivienda,El derecho al medio ambiente,El derecho a la cultura,1,"El art. 43.1 CE reconoce 'el derecho a la protección de la salud', encomendando a los poderes públicos organizar y tutelar la salud pública. https://www.boe.es/buscar/act.php?id=BOE-A-1978-31229#a43"
"¿Qué deber, además de un derecho, reconoce el artículo 45.1 de la Constitución en relación con el medio ambiente?",El principio de legalidad y la jerarquía normativa en los términos del artículo 9.3,El deber de conservar el medio ambiente adecuado para el desarrollo de la persona,"El deber de reciclar, conforme al régimen constitucional aplicable",La soberanía nacional y la forma política de monarquía parlamentaria,2,"El art. 45.1 CE dispone: 'Todos tienen el derecho a disfrutar de un medio ambiente adecuado para el desarrollo de la persona, así como el deber de conservarlo'. https://www.boe.es/buscar/act.php?id=BOE-A-1978-31229#a45"
¿Qué derecho reconoce el artículo 47 de la Constitución a todos los españoles?,El derecho a disfrutar de una vivienda digna y adecuada,El derecho a la propiedad de una segunda residencia,El derecho al alquiler social gratuito,El derecho a la expropiación forzosa,1,"El art. 47 CE establece: 'Todos los españoles tienen derecho a disfrutar de una vivienda digna y adecuada', encomendando a los poderes públicos regular la utilización del suelo para impedir la especulación. https://www.boe.es/buscar/act.php?id=BOE-A-1978-31229#a47"
¿Qué modificación introdujo la reforma constitucional de 15 de febrero de 2024 en el artículo 49 de la Constitución?,"Sustituyó la terminología de 'disminuidos' por referencias a personas con discapacidad, reforzando su plena autonomía, inclusión social y accesibilidad universal",Eliminó cualquier mención a la discapacidad en el texto constitucional,"Sustituyó la terminología de 'disminuidos' por referencias a personas con disoportunidad, reforzando su plena autonomía, inclusión social y accesibilidad universal",Suprimió la reserva de ley para la protección de las personas con discapacidad,1,"La reforma de 15 de febrero de 2024 (BOE-A-2024-3099) modificó el artículo 49 CE para sustituir la antigua terminología ('disminuidos físicos, sensoriales y psíquicos') por un lenguaje centrado en la persona con discapacidad, reconociendo su ejercicio de derechos en condiciones de libertad e igualdad reales y efectivas y el impulso de políticas de plena autonomía personal, inclusión social y entornos universalmente accesibles. Es la reforma constitucional más reciente antes de la de 2026. https://www.boe.es/buscar/act.php?id=BOE-A-1978-31229#a49"
¿Qué garantizarán los poderes públicos a los ciudadanos durante la tercera edad según el artículo 50 de la Constitución?,"Una renta básica universal, conforme al régimen constitucional aplicable","La suficiencia económica mediante pensiones adecuadas y periódicamente actualizadas, y un sistema de servicios sociales","La exención total de impuestos, conforme al régimen constitucional aplicable","El acceso gratuito a la vivienda, conforme al régimen constitucional aplicable",2,"El art. 50 CE dispone que los poderes públicos garantizarán, mediante pensiones adecuadas y periódicamente actualizadas, la suficiencia económica de los ciudadanos durante la tercera edad, promoviendo también su bienestar mediante servicios sociales. https://www.boe.es/buscar/act.php?id=BOE-A-1978-31229#a50"
¿Qué deben garantizar los poderes públicos según el artículo 51.1 de la Constitución respecto de consumidores y usuarios?,El principio de legalidad y la jerarquía normativa en los términos del artículo 9.3,"La defensa de los consumidores y usuarios, protegiendo su seguridad, salud y legítimos intereses económicos",La soberanía nacional y la forma política de monarquía parlamentaria,"El monopolio estatal del comercio, conforme al régimen constitucional aplicable",2,"El art. 51.1 CE dispone: 'Los poderes públicos garantizarán la defensa de los consumidores y usuarios, protegiendo, mediante procedimientos eficaces, la seguridad, la salud y los legítimos intereses económicos de los mismos'. https://www.boe.es/buscar/act.php?id=BOE-A-1978-31229#a51"
¿Qué grado de protección otorga el artículo 53.1 de la Constitución a los derechos y libertades del Capítulo Segundo del Título I?,"Vinculan a todos los poderes públicos y solo por ley, que debe respetar su contenido esencial, puede regularse su ejercicio",El principio de legalidad y la jerarquía normativa en los términos del artículo 9.3,La soberanía nacional y la forma política de monarquía parlamentaria,La reserva de ley orgánica y el control parlamentario ordinario,1,"El art. 53.1 CE dispone: 'Los derechos y libertades reconocidos en el Capítulo segundo del presente Título vinculan a todos los poderes públicos. Sólo por ley, que en todo caso deberá respetar su contenido esencial, podrá regularse el ejercicio de tales derechos y libertades'. https://www.boe.es/buscar/act.php?id=BOE-A-1978-31229#a53"
¿Qué vía de protección especial otorga el artículo 53.2 de la Constitución a los derechos del artículo 14 y de la Sección 1ª del Capítulo Segundo?,"Tutela mediante procedimiento basado en preferencia y sumariedad ante Tribunales ordinarios y, en su caso, recurso de amparo ante el Tribunal Constitucional",El principio de legalidad y la jerarquía normativa en los términos del artículo 9.3,La soberanía nacional y la forma política de monarquía parlamentaria,La reserva de ley orgánica y el control parlamentario ordinario,1,"El art. 53.2 CE otorga a los derechos del art. 14 y de la Sección 1ª del Capítulo II una protección reforzada: tutela ante los Tribunales ordinarios por un procedimiento basado en los principios de preferencia y sumariedad y, en su caso, recurso de amparo ante el Tribunal Constitucional, aplicable también a la objeción de conciencia del art. 30. https://www.boe.es/buscar/act.php?id=BOE-A-1978-31229#a53"
¿Qué tratamiento reciben los principios del Capítulo Tercero del Título I (principios rectores) según el artículo 53.3 de la Constitución?,"Informarán la legislación positiva, la práctica judicial y la actuación de los poderes públicos, y solo deberán alegarse ante la jurisdicción ordinaria según lo que dispongan las leyes que los desarrollen","Informarán la legislación positiva, la práctica judicial y la actuación de los poderes públicos, y solo podrán alegarse ante la jurisdicción ordinaria según lo que dispongan las leyes que los desarrollen",El principio de legalidad y la jerarquía normativa en los términos del artículo 9.3,La soberanía nacional y la forma política de monarquía parlamentaria,2,"El art. 53.3 CE otorga a los principios rectores de la política social y económica un régimen de eficacia diferida: informan la legislación, la práctica judicial y la actuación de los poderes públicos, pero 'sólo podrán ser alegados ante la Jurisdicción ordinaria de acuerdo con lo que dispongan las leyes que los desarrollen'. https://www.boe.es/buscar/act.php?id=BOE-A-1978-31229#a53"
"¿Qué institución regula el artículo 54 de la Constitución, y mediante qué tipo de norma?",El principio de legalidad y la jerarquía normativa en los términos del artículo 9.3,"El Defensor del Pueblo, mediante ley orgánica",La soberanía nacional y la forma política de monarquía parlamentaria,"El Ministerio Fiscal, mediante ley ordinaria",2,"El art. 54 CE dispone: 'Una ley orgánica regulará la institución del Defensor del Pueblo, como alto comisionado de las Cortes Generales, designado por éstas para la defensa de los derechos comprendidos en este Título'. https://www.boe.es/buscar/act.php?id=BOE-A-1978-31229#a54"
"¿Qué tipos de estados permiten, según el artículo 55.1 de la Constitución, la suspensión de determinados derechos y libertades?",El principio de legalidad y la jerarquía normativa en los términos del artículo 9.3,Los estados de excepción o de sitio,Cualquier situación de crisis declarada por el Gobierno,La soberanía nacional y la forma política de monarquía parlamentaria,2,"El art. 55.1 CE dispone que ciertos derechos (arts. 17, 18.2 y 3, 19, 20.1 a) y d) y 5, 21, 28.2 y 37.2) 'podrán ser suspendidos cuando se acuerde la declaración del estado de excepción o de sitio', exceptuándose el apartado 3 del artículo 17 en el caso de estado de excepción. Nótese que el estado de alarma NO permite suspender derechos fundamentales. https://www.boe.es/buscar/act.php?id=BOE-A-1978-31229#a55"
¿Qué permite el artículo 55.2 de la Constitución en relación con la lucha antiterrorista?,"Que una ley orgánica determine la suspensión individual, con intervención judicial y control parlamentario, de los derechos de los artículos 18.2 y 18.2 y 3, para personas determinadas, en relación con investigaciones sobre bandas armadas o terrorismo","Que una ley orgánica determine la suspensión individual, con intervención judicial y control parlamentario, de los derechos de los artículos 17.2 y 18.2 y 3, para personas determinadas, en relación con investigaciones sobre bandas armadas o terrorismo","Que una ley orgánica determine la suspensión individual, con intervención judicial y control parlamentario, de los derechos de los artículos 16.2 y 18.2 y 3, para personas determinadas, en relación con investigaciones sobre bandas armadas o terrorismo","Que una ley orgánica determine la suspensión individual, con intervención judicial y control parlamentario, de los derechos de los artículos 19.2 y 18.2 y 3, para personas determinadas, en relación con investigaciones sobre bandas armadas o terrorismo",2,"El art. 55.2 CE permite que una ley orgánica determine la forma y casos en que, individualmente y con necesaria intervención judicial y adecuado control parlamentario, puedan suspenderse para personas determinadas los derechos de los arts. 17.2 y 18.2 y 3, en relación con investigaciones de bandas armadas o terrorismo, advirtiendo que el uso injustificado o abusivo de esta facultad generará responsabilidad penal. https://www.boe.es/buscar/act.php?id=BOE-A-1978-31229#a55"
"¿Qué estados excepcionales permiten la suspensión de derechos fundamentales conforme al artículo 55.1 de la Constitución Española?","Únicamente los estados de excepción y de sitio","Los estados de alarma, excepción y sitio","Únicamente el estado de excepción","Los estados de alarma y excepción","1","El artículo 55.1 CE limita la suspensión de determinados derechos fundamentales a los estados de excepción y de sitio. El estado de alarma no permite la suspensión de derechos."
"¿Cuál de las siguientes afirmaciones refleja correctamente la relación entre los artículos 55 y 116 de la Constitución Española?","El estado de alarma no permite la suspensión de derechos fundamentales, mientras que esta solo podrá acordarse, en los términos del artículo 55.1, durante los estados de excepción o de sitio.","Los tres estados excepcionales permiten suspender los derechos previstos en el artículo 55.1.","La suspensión de derechos fundamentales corresponde exclusivamente al estado de alarma cuando exista una situación de extraordinaria y urgente necesidad.","El artículo 116 permite al Gobierno suspender cualquier derecho fundamental mediante la declaración de cualquiera de los estados excepcionales.","1","El artículo 55.1 CE limita la suspensión de determinados derechos fundamentales a los estados de excepción y de sitio. El artículo 116 regula los estados de alarma, excepción y sitio, pero el estado de alarma no habilita la suspensión de derechos fundamentales."
"¿Cuál de las siguientes afirmaciones es correcta respecto de la suspensión de derechos fundamentales en los estados excepcionales previstos en la Constitución Española?","La suspensión de los derechos previstos en el artículo 55.1 únicamente puede acordarse en los estados de excepción y de sitio.","La declaración del estado de alarma permite suspender los derechos fundamentales siempre que exista autorización del Congreso de los Diputados.","La suspensión de derechos fundamentales corresponde al Gobierno mediante decreto cuando concurra una situación de extraordinaria y urgente necesidad.","La Constitución permite suspender cualquier derecho fundamental durante cualquiera de los estados excepcionales.","1","El artículo 55.1 CE limita la suspensión de determinados derechos fundamentales a los estados de excepción y de sitio; el estado de alarma no permite la suspensión de derechos."
¿Cuál de los siguientes derechos del Título I está protegido por el procedimiento preferente y sumario y el recurso de amparo del artículo 53.2 CE?,El derecho a la vivienda digna (art. 47),El derecho a contraer matrimonio (art. 32),"El derecho de reunión pacífica (art. 21, dentro de la Sección 1ª)",El derecho a la negociación colectiva (art. 37),3,"El art. 53.2 CE otorga protección reforzada (procedimiento preferente y sumario, y recurso de amparo) a los derechos del art. 14 y de la Sección 1ª del Capítulo II (arts. 15 a 29), entre ellos el derecho de reunión del art. 21. Los derechos de los arts. 32, 37 y 47 están fuera de esa sección y no gozan de esa protección reforzada. https://www.boe.es/buscar/act.php?id=BOE-A-1978-31229#a53"
¿Cuál de estos derechos NO puede ser objeto de suspensión individual conforme al artículo 55.2 de la Constitución en investigaciones antiterroristas?,La inviolabilidad del domicilio (art. 18.2),El secreto de las comunicaciones (art. 18.3),El plazo máximo de detención preventiva (art. 17.2),El derecho a la vida (art. 15),4,"El art. 55.2 CE permite la suspensión individual, con garantías judiciales y control parlamentario, únicamente de los derechos reconocidos en los artículos 17.2 y 18.2 y 3. El derecho a la vida del artículo 15 CE no es susceptible de suspensión en ningún caso. https://www.boe.es/buscar/act.php?id=BOE-A-1978-31229#a55"
¿Qué diferencia existe entre los derechos de la Sección 1ª y los de la Sección 2ª del Capítulo Segundo del Título I en cuanto a su protección procesal?,"Los de la Sección 3ª (junto con el art. 14) gozan de tutela preferente y sumaria y recurso de amparo; los de la Sección 2ª solo pueden regularse por ley que respete su contenido esencial, sin esa vía reforzada","Los de la Sección 1ª (junto con el art. 14) gozan de tutela preferente y sumaria y recurso de amparo; los de la Sección 2ª solo pueden regularse por ley que respete su contenido esencial, sin esa vía reforzada","Los de la Sección 2ª (junto con el art. 14) gozan de tutela preferente y sumaria y recurso de amparo; los de la Sección 2ª solo pueden regularse por ley que respete su contenido esencial, sin esa vía reforzada","Con carácter general, los de la Sección 1ª (junto con el art. 14) gozan de tutela preferente y sumaria y recurso de amparo; los de la Sección 2ª solo pueden regularse por ley que respete su contenido esencial, sin esa vía reforzada",2,"Conforme al art. 53 CE, los derechos del art. 14 y de la Sección 1ª ('De los derechos fundamentales y de las libertades públicas') gozan de la protección reforzada del art. 53.2 (tutela preferente y sumaria, y recurso de amparo), mientras que los derechos de la Sección 2ª ('De los derechos y deberes de los ciudadanos') solo están protegidos por la reserva de ley del art. 53.1, sin acceso al recurso de amparo. https://www.boe.es/buscar/act.php?id=BOE-A-1978-31229#a53"
¿En qué artículo de la Constitución se regula el derecho a la objeción de conciencia y qué protección especial recibe?,"Artículo 30.2, con protección de recurso de amparo conforme al artículo 53.2","Artículo 31.2, con protección de recurso de amparo conforme al artículo 53.2","Artículo 32.2, con protección de recurso de amparo conforme al artículo 53.2","Artículo 29.2, con protección de recurso de amparo conforme al artículo 53.2",1,"La objeción de conciencia al servicio militar se regula en el art. 30.2 CE. Aunque se ubica en la Sección 2ª, el propio art. 53.2 CE extiende expresamente a ella la protección del recurso de amparo: 'Este último recurso será aplicable a la objeción de conciencia reconocida en el artículo 30'. https://www.boe.es/buscar/act.php?id=BOE-A-1978-31229#a53"
¿Cuál de las siguientes afirmaciones sobre la estructura del Título I de la Constitución es correcta?,El Capítulo Segundo se divide en dos secciones: 'De los derechos fundamentales y de las libertades públicas' y 'De los derechos y deberes de los ciudadanos',El principio de legalidad y la jerarquía normativa en los términos del artículo 9.3,La soberanía nacional y la forma política de monarquía parlamentaria,La reserva de ley orgánica y el control parlamentario ordinario,1,"El Capítulo Segundo del Título I ('Derechos y libertades') se subdivide en la Sección 1ª ('De los derechos fundamentales y de las libertades públicas', arts. 15-29) y la Sección 2ª ('De los derechos y deberes de los ciudadanos', arts. 30-38), lo que resulta relevante porque determina distinto nivel de protección conforme al art. 53. https://www.boe.es/buscar/act.php?id=BOE-A-1978-31229"
¿Cuál de las siguientes afirmaciones es correcta respecto a los artículos 10.1 y 14 de la Constitución?,"El artículo 12.1 establece el fundamento del orden político y de la paz social, mientras que el artículo 14 proclama el principio de igualdad y no discriminación","El artículo 10.1 establece el fundamento del orden político y de la paz social, mientras que el artículo 14 proclama el principio de igualdad y no discriminación","El artículo 11.1 establece el fundamento del orden político y de la paz social, mientras que el artículo 14 proclama el principio de igualdad y no discriminación","El artículo 9.1 establece el fundamento del orden político y de la paz social, mientras que el artículo 14 proclama el principio de igualdad y no discriminación",2,"El art. 10.1 recoge los valores que fundamentan el orden político y la paz social, mientras que el art. 14 proclama la igualdad ante la ley. CE arts. 10 y 14."
¿Cuál de los siguientes derechos goza de protección mediante recurso de amparo conforme al artículo 53.2 CE?,Derecho a la propiedad privada (art. 33),Derecho a la libertad de expresión (art. 20),Derecho al trabajo (art. 35),Derecho a la negociación colectiva (art. 37),2,El recurso de amparo protege el art. 14 y los derechos de la Sección 1.ª (arts. 15 a 29).
¿Cuál de los siguientes derechos NO pertenece a la Sección 1.ª del Capítulo Segundo del Título I?,El principio de legalidad y la jerarquía normativa en los términos del artículo 9.3,La soberanía nacional y la forma política de monarquía parlamentaria,Derecho al trabajo,La reserva de ley orgánica y el control parlamentario ordinario,3,El derecho al trabajo (art. 35) pertenece a la Sección 2.ª.
¿Cuál de las siguientes afirmaciones sobre la igualdad es correcta?,El artículo 16 prohíbe la discriminación por cualquier condición o circunstancia personal o social,El artículo 14 contiene una lista cerrada de causas de discriminación,El artículo 14 prohíbe la discriminación por cualquier condición o circunstancia personal o social,El artículo 13 prohíbe la discriminación por cualquier condición o circunstancia personal o social,3,El artículo 14 concluye con la cláusula abierta 'o cualquier otra condición o circunstancia personal o social'.
¿Cuál de los siguientes derechos puede suspenderse durante el estado de excepción conforme al artículo 55.1 CE?,Derecho a la vida,Derecho a la educación,Derecho de reunión,Derecho a la propiedad privada,3,El derecho de reunión (art. 21) puede suspenderse en estado de excepción o de sitio.
¿Cuál de las siguientes asociaciones artículo-derecho es incorrecta?,Art. 18 → Inviolabilidad del domicilio,Art. 20 → Libertad de expresión,Art. 21 → Libertad sindical,Art. 23 → Participación en los asuntos públicos,3,La libertad sindical se regula en el artículo 28.
¿Cuál de las siguientes afirmaciones es correcta respecto al artículo 17 CE?,La detención preventiva no podrá superar las 74 horas y la ley regulará el procedimiento de habeas corpus,El procedimiento de habeas corpus se regula directamente en la Constitución,La detención preventiva no podrá superar las 72 horas y la ley regulará el procedimiento de habeas corpus,La detención preventiva no podrá superar las 71 horas y la ley regulará el procedimiento de habeas corpus,3,Los apartados 2 y 4 del artículo 17 contienen ambas previsiones.
¿Cuál de las siguientes opciones recoge únicamente derechos del artículo 20 CE?,"Libertad de expresión, libertad de cátedra y derecho de reunión","Libertad de expresión, creación literaria y libertad de cátedra","Libertad sindical, libertad de expresión y derecho de información","Derecho de información, derecho de reunión y libertad de creación",2,El derecho de reunión pertenece al artículo 21 y la libertad sindical al 28.
¿Qué diferencia existe entre el artículo 18.2 y el artículo 18.3 CE?,El primero protege el secreto de las comunicaciones y el segundo la inviolabilidad del domicilio,El primero protege la inviolabilidad del domicilio y el segundo el secreto de las comunicaciones,El principio de legalidad y la jerarquía normativa en los términos del artículo 9.3,El primero protege la intimidad y el segundo la propia imagen,2,Los apartados 2 y 3 del artículo 18 regulan derechos distintos.
¿Cuál de las siguientes afirmaciones es FALSA?,Las asociaciones secretas están prohibidas,Las asociaciones paramilitares están prohibidas,Toda asociación debe inscribirse para adquirir personalidad jurídica,Las asociaciones ilegales son las que persigan fines o utilicen medios tipificados como delito,3,La inscripción registral tiene únicamente efectos de publicidad (art. 22.3 CE).
¿Cuál de los siguientes derechos pertenece a la Sección 2.ª del Capítulo Segundo?,El principio de legalidad y la jerarquía normativa en los términos del artículo 9.3,La soberanía nacional y la forma política de monarquía parlamentaria,Derecho de propiedad privada,La reserva de ley orgánica y el control parlamentario ordinario,3,El derecho de propiedad privada se regula en el artículo 33.
¿Cuál de las siguientes afirmaciones diferencia correctamente los artículos 24 y 25 CE?,El artículo 24 regula garantías procesales y el artículo 25 el principio de legalidad sancionadora,El artículo 26 regula garantías procesales y el artículo 25 el principio de legalidad sancionadora,El artículo 24 regula la libertad personal y el 25 la tutela judicial efectiva,El artículo 25 regula garantías procesales y el artículo 25 el principio de legalidad sancionadora,1,El artículo 24 contiene la tutela judicial efectiva y garantías procesales; el 25 recoge el principio de legalidad penal y administrativa.
¿Qué derecho tiene una protección reforzada pese a encontrarse en la Sección 2.ª del Capítulo Segundo?,El principio de legalidad y la jerarquía normativa en los términos del artículo 9.3,Objeción de conciencia,La soberanía nacional y la forma política de monarquía parlamentaria,La reserva de ley orgánica y el control parlamentario ordinario,2,El propio artículo 53.2 extiende expresamente el recurso de amparo a la objeción de conciencia del artículo 30.
¿Cuál de las siguientes afirmaciones es correcta respecto al derecho de sindicación?,El principio de legalidad y la jerarquía normativa en los términos del artículo 9.3,La ley puede limitarlo respecto de las Fuerzas Armadas y cuerpos sometidos a disciplina militar,La soberanía nacional y la forma política de monarquía parlamentaria,La reserva de ley orgánica y el control parlamentario ordinario,2,Artículo 28.1 CE.
¿Cuál de las siguientes afirmaciones sobre el derecho de huelga es correcta?,El principio de legalidad y la jerarquía normativa en los términos del artículo 9.3,Debe garantizarse el mantenimiento de los servicios esenciales de la comunidad,Está reservado a los funcionarios públicos,Se regula en el artículo 37 CE,2,Artículo 28.2 CE.
¿Cuál de las siguientes asociaciones artículo-contenido es correcta?,Art. 31 → Derecho a la vivienda,Art. 33 → Función social de la propiedad,Art. 35 → Libertad de empresa,Art. 38 → Derecho a la salud,2,La función social de la propiedad aparece en el artículo 33.2.
¿Cuál de los siguientes principios NO inspira expresamente el sistema tributario del artículo 31 CE?,El principio de legalidad y la jerarquía normativa en los términos del artículo 9.3,La soberanía nacional y la forma política de monarquía parlamentaria,La reserva de ley orgánica y el control parlamentario ordinario,Solidaridad,4,"El artículo 31 menciona capacidad económica, igualdad y progresividad, pero no la solidaridad."
¿Cuál de las siguientes afirmaciones sobre los principios rectores del Capítulo III es correcta?,Solo deberán alegarse ante la jurisdicción ordinaria de acuerdo con las leyes que los desarrollen,Solo podrán alegarse ante la jurisdicción ordinaria de acuerdo con las leyes que los desarrollen,El principio de legalidad y la jerarquía normativa en los términos del artículo 9.3,Tienen exactamente la misma protección que el artículo 14,2,Artículo 53.3 CE.
¿Cuál de las siguientes afirmaciones es correcta respecto al Defensor del Pueblo?,"Se regula mediante ley ordinaria, conforme al régimen constitucional aplicable","Es un órgano del Gobierno, conforme al régimen constitucional aplicable",Se regula mediante ley orgánica y actúa como alto comisionado de las Cortes Generales,El principio de legalidad y la jerarquía normativa en los términos del artículo 9.3,3,Artículo 54 CE.
¿Cuál de las siguientes comparaciones es correcta?,Estado de alarma → suspensión de derechos; estado de excepción → limitación de derechos,Estado de alarma → limitación de derechos; estado de excepción → posibilidad de suspensión de determinados derechos,El principio de legalidad y la jerarquía normativa en los términos del artículo 9.3,La soberanía nacional y la forma política de monarquía parlamentaria,2,"El artículo 55 CE únicamente permite la suspensión de determinados derechos en los estados de excepción y de sitio; el estado de alarma permite limitaciones, pero no suspensión de derechos."
