"Pregunta","Respuesta 1","Respuesta 2","Respuesta 3","Respuesta 4","Respuesta correcta","Explicación"
"¿Qué son las modificaciones de créditos según el artículo 6 de las Normas Básicas de Gestión del Presupuesto 2026?","Alteraciones de los créditos en relación con los aprobados inicialmente","Cambios exclusivamente en la clasificación económica de los ingresos","Redistribuciones de créditos entre Centros de Gestión sin alterar los créditos aprobados inicialmente","Ajustes realizados únicamente al finalizar la liquidación del presupuesto","1","El artículo 6 define expresamente las modificaciones de créditos como alteraciones de los mismos en relación con los créditos aprobados inicialmente. Las demás opciones describen actuaciones parciales o conceptos distintos de la definición normativa. :contentReference[oaicite:3]{index=3}"
"¿Qué órgano autoriza todas las modificaciones presupuestarias financiadas con remanentes del ejercicio anterior?","El Rector","El Consejo de Gobierno","El Consejo Social","La Comunidad de Madrid","1","El artículo 6 establece expresamente que todas las modificaciones presupuestarias financiadas con remanentes del ejercicio anterior serán autorizadas por el Rector. Además, quedan condicionadas al cumplimiento de los criterios de estabilidad presupuestaria. :contentReference[oaicite:4]{index=4}"
"¿A qué condición están sometidas las modificaciones presupuestarias financiadas con remanentes del ejercicio anterior?","Al cumplimiento de los criterios de estabilidad presupuestaria","A la autorización previa del Consejo Social en todos los casos","A que se financien exclusivamente con remanentes específicos","A que correspondan necesariamente a gastos de inversión","1","El artículo 6 establece dos elementos acumulativos: estas modificaciones son autorizadas por el Rector y están condicionadas al cumplimiento de los criterios de estabilidad presupuestaria. :contentReference[oaicite:5]{index=5}"
"¿A qué nivel tienen carácter limitativo y vinculante los créditos, con carácter general, dentro del presupuesto de la UC3M?","A nivel de concepto dentro de cada Centro y programa","A nivel de subconcepto para todos los capítulos","A nivel de capítulo para todos los gastos","A nivel de programa con independencia del Centro de Gestión","1","El artículo 5 establece como regla general que los créditos tienen carácter limitativo y vinculante a nivel de concepto dentro de cada Centro y programa. Existen excepciones para los Capítulos I, II y VI. :contentReference[oaicite:6]{index=6}"
"¿Qué capítulos tienen, con carácter general, vinculación a nivel de capítulo y no de concepto?","Los Capítulos I, II y VI","Los Capítulos I, IV y VII","Los Capítulos II, III y VI","Los Capítulos IV, VI y VIII","1","El artículo 5 establece expresamente que los gastos de personal del Capítulo I, los gastos corrientes en bienes y servicios del Capítulo II y las inversiones reales del Capítulo VI tienen vinculación a nivel de capítulo. :contentReference[oaicite:7]{index=7}"
"¿Cuál de los siguientes gastos constituye una excepción a la vinculación general por concepto?","Los gastos de personal del Capítulo I","Las transferencias corrientes del Capítulo IV","Los gastos financieros del Capítulo III","Los activos financieros del Capítulo VIII","1","El Capítulo I tiene vinculación a nivel de capítulo, frente a la regla general de vinculación a nivel de concepto. Los Capítulos III, IV y VIII no aparecen entre las excepciones enumeradas en el artículo 5. :contentReference[oaicite:8]{index=8}"
"¿Qué ocurre con las atenciones protocolarias y representativas respecto del nivel de vinculación de los créditos?","Vinculan al nivel en que aparezcan desagregadas","Vinculan siempre al nivel de capítulo","Vinculan siempre al nivel de programa","No tienen carácter limitativo ni vinculante","1","El artículo 5 establece una excepción específica: las atenciones protocolarias y representativas vincularán al nivel en que aparezcan desagregadas. :contentReference[oaicite:9]{index=9}"
"¿Qué ocurre con los conceptos que establezcan subvenciones nominativas respecto de su vinculación presupuestaria?","Vinculan al nivel en que aparezcan desagregados","Vinculan siempre a nivel de capítulo","Vinculan exclusivamente a nivel de Centro de Gestión","No tienen vinculación presupuestaria","1","El artículo 5 dispone que los conceptos que establezcan subvenciones nominativas vincularán al nivel en que aparezcan desagregados. :contentReference[oaicite:10]{index=10}"
"Un Centro necesita realizar un gasto que excede la limitación derivada del nivel de vinculación aplicable. ¿Qué exige el artículo 5?","Autorización expresa del órgano competente, previa tramitación de una propuesta razonada a través de la DEF-Servicio de Presupuestos","Únicamente la autorización del responsable del Centro de Gestión","La aprobación automática de una redistribución de crédito","La autorización exclusiva del Consejo Social","1","El artículo 5 establece que cualquier necesidad de gasto que exceda la limitación deberá ser expresamente autorizada por el órgano competente, previa tramitación de una propuesta razonada a través de la DEF-Servicio de Presupuestos. :contentReference[oaicite:11]{index=11}"
"¿Qué órgano establece la normativa de ejecución presupuestaria que condiciona las reglas del artículo 5 y siguientes?","La Comunidad de Madrid, mediante su normativa presupuestaria aplicable a las universidades","El Consejo Social exclusivamente","El Consejo de Gobierno de la UC3M mediante acuerdo anual","La Administración General del Estado mediante la Ley de Presupuestos Generales del Estado","1","El artículo 5 señala que la Ley de Presupuestos 2026 de la Comunidad de Madrid regulará diversos aspectos de ejecución del presupuesto de las universidades, por lo que estas normas se entienden condicionadas a la normativa autonómica aplicable. :contentReference[oaicite:12]{index=12}"
"¿Qué tipo de modificación permite que determinados ingresos generen créditos en los estados de gastos?","La generación de créditos","La redistribución de créditos","La rectificación presupuestaria","La transferencia de crédito","1","El artículo 6 regula la generación de créditos y señala que determinados ingresos efectivamente recaudados y derechos reconocidos o compromisos de ingresos pueden generar créditos en los estados de gastos. :contentReference[oaicite:13]{index=13}"
"¿Qué remanentes pueden generar crédito en el ejercicio siguiente según el artículo 6?","Los remanentes específicos resultantes de las liquidaciones de determinados centros y los generados por convenios, acuerdos o contratos específicos, siempre que exista remanente suficiente para su financiación","Todos los remanentes de cualquier naturaleza sin necesidad de financiación suficiente","Exclusivamente los remanentes de tesorería de libre disposición","Únicamente los remanentes procedentes del Capítulo VIII de ingresos","1","El artículo 6 considera remanentes específicos los resultantes de las liquidaciones de Centros, Departamentos, Doctorados, Institutos Universitarios de Investigación, Másteres y otros centros, además de los generados por convenios, acuerdos o contratos específicos, siempre que exista remanente suficiente para su financiación. :contentReference[oaicite:14]{index=14}"
"¿Cuál de los siguientes NO aparece expresamente entre los centros cuyos remanentes específicos pueden generar crédito?","Facultades de otras universidades públicas","Centros de la Universidad","Departamentos","Institutos Universitarios de Investigación","1","La norma menciona Centros de la Universidad, Departamentos, Doctorados, Institutos Universitarios de Investigación, Másteres y otros centros. No menciona facultades de otras universidades públicas. :contentReference[oaicite:15]{index=15}"
"¿Qué condición debe cumplirse para que los remanentes específicos puedan generar crédito en el ejercicio siguiente?","Que exista remanente suficiente para su financiación","Que todos procedan de ingresos corrientes","Que hayan sido autorizados previamente por el Consejo Social","Que su importe sea necesariamente superior a 300 euros","1","El artículo 6 exige que exista remanente suficiente para su financiación. El límite de 300 euros aparece posteriormente para las incorporaciones de crédito, no para esta regulación de los remanentes específicos. :contentReference[oaicite:16]{index=16}"
"¿Cuál de las siguientes operaciones puede dar lugar a generación de créditos?","Aportaciones de personas naturales o jurídicas para financiar conjuntamente con la Universidad determinados gastos comprometidos con sus fines y objetivos","La mera redistribución de un crédito entre dos conceptos del mismo capítulo","La anulación de un crédito no utilizado al cierre del ejercicio","La modificación de la denominación de un Centro de Gestión","1","El artículo 6 contempla expresamente las aportaciones de personas naturales o jurídicas para financiar conjuntamente con la Universidad gastos comprometidos por su naturaleza con sus fines y objetivos como causa de generación de créditos. :contentReference[oaicite:17]{index=17}"
"¿Qué ingresos derivados de la prestación de servicios pueden dar lugar a generación de créditos?","Los ingresos derivados de la prestación de servicios, en los términos previstos por la norma","Únicamente los ingresos procedentes de transferencias de la Comunidad de Madrid","Solo los ingresos patrimoniales procedentes de cuentas bancarias","Exclusivamente los ingresos derivados de contratos de obras","1","La prestación de servicios aparece expresamente entre las operaciones cuyos ingresos efectivamente recaudados y derechos reconocidos o compromisos de ingresos pueden generar créditos. :contentReference[oaicite:18]{index=18}"
"¿Qué ocurre con los créditos para inversiones debidamente autorizados y dispuestos para ser financiados de esa forma?","Pueden generar créditos","Deben anularse al cierre del ejercicio en todos los casos","Solo pueden convertirse en transferencias corrientes","Se incorporan automáticamente sin necesidad de ninguna otra condición","1","El artículo 6 incluye entre las operaciones que pueden generar créditos los créditos para inversiones debidamente autorizados y respecto de los cuales se haya dispuesto que sean financiados de esa forma. :contentReference[oaicite:19]{index=19}"
"¿Cuál de las siguientes operaciones aparece expresamente como causa de generación de créditos?","La enajenación de bienes propios","La aprobación del calendario escolar","La creación de una nueva Facultad","La modificación de las normas de permanencia","1","El artículo 6 incluye expresamente la enajenación de bienes propios, junto con la aplicación del remanente y otros ingresos, entre las operaciones cuyos ingresos pueden generar créditos. :contentReference[oaicite:20]{index=20}"
"¿Qué condición específica se establece para las operaciones financiadas con remanente de libre disposición de ejercicios anteriores?","Debe respetarse el principio de estabilidad presupuestaria en el ejercicio en curso","Deben ser aprobadas siempre por el Consejo Social","Deben destinarse exclusivamente a gastos de personal","Deben ser superiores a 300 euros","1","El artículo 6 establece expresamente que las operaciones financiadas con remanente de libre disposición de ejercicios anteriores pueden generar créditos siempre que se respete el principio de estabilidad presupuestaria en el ejercicio en curso. :contentReference[oaicite:21]{index=21}"
"¿Quién aprueba las generaciones de crédito?","El Rector","El Consejo de Gobierno","El Consejo Social","El responsable del Centro solicitante","1","El artículo 6 dispone expresamente que las generaciones de crédito serán aprobadas por el Rector. :contentReference[oaicite:22]{index=22}"
"¿Qué modificaciones presupuestarias se consideran rectificaciones presupuestarias según el artículo 6?","Las rectificaciones de error material, las desagregaciones de conceptos para adaptación a sistemas de gestión y las distribuciones de un crédito inicial global acordadas por las Comisiones Delegadas competentes","Las transferencias entre capítulos de gastos corrientes y de capital","Las incorporaciones de remanentes superiores a 300 euros","Las generaciones de crédito derivadas de ingresos recaudados","1","El artículo 6 identifica como rectificaciones las tres categorías indicadas: errores materiales, desagregaciones para adaptar conceptos a sistemas de gestión y distribuciones de créditos iniciales globales acordadas por Comisiones Delegadas competentes. :contentReference[oaicite:23]{index=23}"
"¿Quién aprueba las rectificaciones presupuestarias?","El Rector","El Consejo de Gobierno","El Consejo Social","La Comunidad de Madrid","1","El artículo 6 establece que las rectificaciones presupuestarias serán aprobadas por el Rector. :contentReference[oaicite:24]{index=24}"
"¿Cuál de las siguientes actuaciones puede considerarse una rectificación presupuestaria?","La desagregación de conceptos para adaptar el presupuesto a los sistemas de gestión de personal, inventario y otros","El traslado de crédito entre capítulos de gasto corriente y de capital","La incorporación de un remanente superior a 300 euros","La generación de crédito por prestación de servicios","1","La desagregación de conceptos para adaptar el presupuesto a los sistemas de gestión constituye expresamente una rectificación presupuestaria. Las otras tres situaciones corresponden a otros tipos de modificación. :contentReference[oaicite:25]{index=25}"
"¿Qué son las transferencias de crédito según el artículo 6?","El traslado de la totalidad o parte del crédito de un concepto presupuestario a otro del mismo estado de gastos","La incorporación automática de créditos no ejecutados al ejercicio siguiente","La creación de crédito mediante ingresos efectivamente recaudados","La corrección de errores materiales del presupuesto","1","El artículo 6 define las transferencias de crédito como el traslado de la totalidad o parte del crédito de un concepto presupuestario a otro del mismo estado de gastos. :contentReference[oaicite:26]{index=26}"
"Cuando se propone disminuir un crédito de los que tienen financiación global mediante una transferencia, ¿qué debe garantizarse?","Que quede consignación suficiente para atender los gastos previstos hasta el final del ejercicio","Que el crédito reducido sea necesariamente del Capítulo VI","Que la reducción sea siempre inferior a 300 euros","Que el Consejo Social autorice cualquier reducción","1","El artículo 6 establece que cuando se proponga disminuir un crédito de los que tienen financiación global debe garantizarse que quedará consignación suficiente para atender los gastos previstos hasta final de ejercicio. :contentReference[oaicite:27]{index=27}"
"Una transferencia se realiza entre capítulos de gastos corrientes. Si su importe es inferior al límite máximo vigente para los contratos menores de obra, ¿qué órgano la aprueba?","El Rector","El Consejo de Gobierno","El Consejo Social","El Gobierno de la Comunidad de Madrid","1","El artículo 6 establece que las transferencias entre capítulos de gastos corrientes, o entre capítulos de gastos de capital, corresponden al Rector cuando su importe sea menor al límite máximo fijado por la normativa vigente para los contratos menores de obra. :contentReference[oaicite:28]{index=28}"
"Una transferencia se realiza entre capítulos de gastos corrientes. Si su importe supera el límite máximo vigente para los contratos menores de obra, ¿qué órgano la aprueba?","El Consejo de Gobierno","El Rector","El Consejo Social","El Gobierno de la Comunidad de Madrid","1","Para transferencias entre capítulos de gastos corrientes o entre capítulos de gastos de capital que superen ese límite, el artículo 6 atribuye la aprobación al Consejo de Gobierno. :contentReference[oaicite:29]{index=29}"
"¿Quién aprueba una transferencia de crédito desde capítulos de gastos corrientes hacia capítulos de gastos de capital?","El Consejo Social","El Rector","El Consejo de Gobierno","El Gobierno de la Comunidad de Madrid","1","El artículo 6 atribuye al Consejo Social las transferencias de capítulos de gastos corrientes a capítulos de gastos de capital. :contentReference[oaicite:30]{index=30}"
"¿Qué órgano interviene cuando se pretende transferir crédito desde operaciones de capital a operaciones corrientes?","El Consejo Social, previa autorización del Gobierno de la Comunidad de Madrid","El Rector, previa autorización del Consejo de Gobierno","El Consejo de Gobierno, previa autorización del Consejo Social","El Gobierno de la Comunidad de Madrid directamente, sin intervención del Consejo Social","1","El artículo 6 establece que la transferencia desde capítulos de operaciones de capital a gastos por operaciones corrientes corresponde al Consejo Social, previa autorización del Gobierno de la Comunidad de Madrid, autorización que el propio Consejo Social promoverá. :contentReference[oaicite:31]{index=31}"
"¿Cuál de las siguientes secuencias de órganos competentes es correcta para transferencias de crédito entre capítulos?","Rector o Consejo de Gobierno según cuantía; Consejo Social para corriente a capital; Consejo Social con autorización del Gobierno autonómico para capital a corriente","Rector en todos los casos; Consejo Social solo para capital a corriente; Consejo de Gobierno para corriente a capital","Consejo Social en todos los casos; Rector para corriente a capital; Gobierno autonómico para capital a corriente","Consejo de Gobierno en todos los casos; Rector para operaciones de capital; Consejo Social para operaciones corrientes","1","La distribución del artículo 6 distingue tres supuestos: entre capítulos de la misma naturaleza, Rector o Consejo de Gobierno según el importe; corriente a capital, Consejo Social; capital a corriente, Consejo Social previa autorización del Gobierno autonómico. :contentReference[oaicite:32]{index=32}"
"¿Qué tipo de modificación presupuestaria consiste en incorporar determinados créditos no ejecutados al presupuesto del ejercicio siguiente?","Incorporaciones de crédito","Generaciones de crédito","Rectificaciones presupuestarias","Redistribuciones de crédito","1","El artículo 6 denomina incorporaciones de crédito al mecanismo por el que determinados remanentes de crédito pueden incorporarse al presupuesto del ejercicio inmediato siguiente cuando se cumplen las condiciones establecidas. :contentReference[oaicite:33]{index=33}"
"¿Qué ocurre con los créditos para gastos que al último día del ejercicio no estén sujetos al cumplimiento de obligaciones ya reconocidas?","Quedan anulados, salvo que puedan incorporarse conforme a las condiciones establecidas","Se incorporan automáticamente al ejercicio siguiente","Se convierten automáticamente en remanentes específicos","Se transfieren obligatoriamente al Capítulo VI","1","El artículo 6 establece como regla que dichos créditos quedan anulados. Excepcionalmente pueden incorporarse al ejercicio siguiente si concurren las condiciones previstas. :contentReference[oaicite:34]{index=34}"
"¿Qué importe mínimo debe superar un remanente de crédito para poder acogerse a las incorporaciones previstas en el artículo 6?","300 euros","100 euros","500 euros","1.000 euros","1","La norma establece que podrán incorporarse los remanentes de crédito cuyo importe sea superior a 300 euros, siempre que además se cumplan las restantes condiciones. :contentReference[oaicite:35]{index=35}"
"¿Qué condición económica debe existir para que puedan incorporarse los remanentes de crédito previstos en el artículo 6?","Debe existir superávit en la liquidación del presupuesto","Debe existir déficit en la liquidación del presupuesto","Debe haberse producido necesariamente un aumento de ingresos corrientes","Debe existir un incremento del Capítulo I","1","La incorporación está condicionada a que exista superávit en la liquidación del presupuesto y a los límites establecidos en la normativa vigente. :contentReference[oaicite:36]{index=36}"
"¿Cuál de los siguientes créditos puede incorporarse al ejercicio siguiente si cumple las restantes condiciones?","Un crédito que garantice compromisos de gasto contraídos hasta el último día del ejercicio que, por motivos justificados, no hayan podido realizarse","Cualquier crédito no utilizado aunque no exista superávit","Cualquier crédito inferior a 300 euros","Un crédito correspondiente a una obligación ya reconocida y satisfecha","1","El artículo 6 permite incorporar créditos que garanticen compromisos de gasto contraídos hasta el último día del ejercicio y que, por motivos justificados, no hayan podido realizarse durante el mismo, siempre que se cumplan las restantes condiciones. :contentReference[oaicite:37]{index=37}"
"¿Qué ocurre con los gastos incluidos en expedientes de contratación que no hayan sido adjudicados antes del 31 de diciembre?","Pueden incorporarse al ejercicio siguiente si cumplen las condiciones establecidas para las incorporaciones de crédito","Se anulan necesariamente sin excepción","Se convierten automáticamente en transferencias de capital","Solo pueden incorporarse si corresponden al Capítulo I","1","El artículo 6 incluye expresamente entre los créditos susceptibles de incorporación aquellos gastos incursos en expedientes de contratación que no hayan sido adjudicados antes del 31 de diciembre, siempre que concurran las demás condiciones. :contentReference[oaicite:38]{index=38}"
"¿Qué principio debe respetarse en el ejercicio en curso para que puedan realizarse las incorporaciones de crédito?","El principio de estabilidad presupuestaria","El principio de anualidad tributaria","El principio de publicidad contractual","El principio de jerarquía normativa","1","El artículo 6 establece expresamente que las incorporaciones de créditos podrán realizarse siempre que se respete el principio de estabilidad presupuestaria en el ejercicio en curso. :contentReference[oaicite:39]{index=39}"
"¿Quién autoriza las incorporaciones de créditos?","El Rector","El Consejo de Gobierno","El Consejo Social","El responsable del Centro de Gestión","1","El artículo 6 establece expresamente que las incorporaciones de créditos serán autorizadas por el Rector. :contentReference[oaicite:40]{index=40}"
"¿Qué diferencia fundamental existe entre una generación y una incorporación de crédito?","La generación puede producirse por determinados ingresos o remanentes que permiten generar crédito, mientras que la incorporación permite trasladar determinados remanentes de crédito del ejercicio anterior al siguiente","La generación siempre traslada créditos no ejecutados y la incorporación siempre crea crédito por nuevos ingresos","Ambas son exactamente el mismo procedimiento con distinta denominación","La generación solo afecta a ingresos y la incorporación solo a gastos corrientes","1","El artículo 6 diferencia ambos mecanismos: la generación se produce, entre otros supuestos, por ingresos efectivamente recaudados, derechos reconocidos o determinados remanentes; la incorporación se refiere a determinados remanentes de crédito no ejecutados que pueden trasladarse al ejercicio siguiente. :contentReference[oaicite:41]{index=41} :contentReference[oaicite:42]{index=42}"
"¿Qué son las redistribuciones de créditos según el artículo 7?","Variaciones entre conceptos de un mismo capítulo y mismo Centro de Gestión, o variaciones dentro de un mismo capítulo entre Centros por descentralización o centralización operativa del gasto","Traslados entre capítulos de gasto corriente y de capital","Generaciones de crédito derivadas de ingresos recaudados","Incorporaciones de remanentes al ejercicio siguiente","1","El artículo 7 define las redistribuciones mediante esos dos supuestos: variaciones entre conceptos del mismo capítulo y Centro de Gestión, o variaciones dentro del mismo capítulo entre Centros derivadas de descentralización o centralización operativa. :contentReference[oaicite:43]{index=43}"
"¿Quién aprueba las redistribuciones de crédito?","El Rector","El Consejo de Gobierno","El Consejo Social","La Dirección Económico-Financiera","1","El artículo 7 establece que las redistribuciones de crédito serán aprobadas por el Rector. :contentReference[oaicite:44]{index=44}"
"¿Qué competencia se delega por resolución del Rector al Vicerrector de Investigación y Transferencia?","La firma de las redistribuciones de créditos presupuestarios entre proyectos y conceptos del Capítulo VI de gastos de investigación","La aprobación de todas las transferencias de crédito entre capítulos","La autorización de todas las generaciones de crédito","La aprobación de las incorporaciones de crédito financiadas con remanentes","1","El artículo 7 establece específicamente esa delegación de firma para las redistribuciones entre proyectos y conceptos del Capítulo VI de gastos de investigación. La aprobación general de redistribuciones continúa correspondiendo al Rector. :contentReference[oaicite:45]{index=45}"
"¿Qué órgano tramita todas las solicitudes de modificaciones presupuestarias?","La DEF-Servicio de Presupuestos","El Consejo Social","La Secretaría General","La Intervención General de la Comunidad de Madrid","1","El artículo 8 establece que todas las solicitudes de modificaciones presupuestarias se gestionarán a través de la DEF-Servicio de Presupuestos. :contentReference[oaicite:46]{index=46}"
"¿Qué debe remitir el responsable del Centro solicitante al tramitar una modificación presupuestaria?","Una propuesta explicando la necesidad de la modificación","Únicamente la certificación de existencia de crédito","Una memoria anual de liquidación del presupuesto","La autorización previa del Consejo Social en todos los casos","1","El artículo 8 establece que el responsable del Centro solicitante deberá remitir una propuesta explicando la necesidad de la modificación a través del procedimiento gestionado por la DEF-Servicio de Presupuestos. :contentReference[oaicite:47]{index=47}"
"Un Centro pretende trasladar crédito del concepto 220 al 226 dentro del mismo capítulo y del mismo Centro de Gestión. ¿Qué figura presupuestaria describe mejor la operación?","Redistribución de créditos","Transferencia entre capítulos","Incorporación de créditos","Generación de créditos","1","El artículo 7 define como redistribución la variación de la cuantía de los créditos entre conceptos de un mismo capítulo y referidos a un mismo Centro de Gestión. :contentReference[oaicite:48]{index=48}"
"Un Centro pretende trasladar crédito del Capítulo II al Capítulo VI. ¿Qué figura corresponde?","Transferencia de crédito entre capítulos","Redistribución de crédito","Generación de crédito","Rectificación por error material","1","El artículo 6 define las transferencias de crédito como traslados de crédito de un concepto a otro del mismo estado de gastos y establece reglas específicas para transferencias entre capítulos. Una redistribución, en cambio, opera dentro de un mismo capítulo. :contentReference[oaicite:49]{index=49}"
"Un Centro obtiene ingresos efectivamente recaudados por la prestación de un servicio y pretende incrementar sus créditos de gasto en función de ellos. ¿Qué figura corresponde?","Generación de crédito","Redistribución de crédito","Incorporación de crédito","Rectificación presupuestaria","1","La prestación de servicios figura expresamente entre las operaciones cuyos ingresos efectivamente recaudados y derechos reconocidos o compromisos de ingresos pueden generar créditos en los estados de gastos. :contentReference[oaicite:50]{index=50}"
"Un crédito no utilizado al cierre del ejercicio corresponde a un gasto incluido en un expediente de contratación que no fue adjudicado antes del 31 de diciembre. Si supera 300 euros y existe superávit, ¿qué mecanismo puede utilizarse?","Incorporación de crédito al ejercicio siguiente, si se cumplen las restantes condiciones","Generación automática de crédito","Redistribución al capítulo siguiente","Rectificación presupuestaria","1","El artículo 6 contempla expresamente esta situación entre los supuestos de incorporación de créditos, siempre que el remanente supere 300 euros, exista superávit, se respete la estabilidad presupuestaria y concurran las demás condiciones. :contentReference[oaicite:51]{index=51}"
"¿Cuál de las siguientes combinaciones de tipo de modificación y órgano aprobador es INCORRECTA?","Generación de crédito — Consejo Social","Rectificación presupuestaria — Rector","Incorporación de crédito — Rector","Redistribución de crédito — Rector","1","La generación de crédito es aprobada por el Rector, no por el Consejo Social. También corresponde al Rector aprobar las rectificaciones, las incorporaciones y las redistribuciones, sin perjuicio de la delegación de firma específica prevista para determinadas redistribuciones del Capítulo VI de investigación. :contentReference[oaicite:52]{index=52} :contentReference[oaicite:53]{index=53}"
"¿Cuál de las siguientes combinaciones de operación y tipo de modificación es INCORRECTA?","Ingreso por prestación de servicios — incorporación de crédito","Enajenación de bienes propios — generación de crédito","Error material — rectificación presupuestaria","Crédito no ejecutado susceptible de traslado al ejercicio siguiente — incorporación de crédito","1","Los ingresos por prestación de servicios pueden generar créditos; no constituyen por sí mismos una incorporación. La enajenación de bienes propios es causa de generación, el error material de rectificación y determinados créditos no ejecutados de incorporación. :contentReference[oaicite:54]{index=54} :contentReference[oaicite:55]{index=55}"
"¿Cuál de las siguientes afirmaciones sobre las transferencias de crédito es correcta?","Pueden consistir en el traslado de la totalidad o parte del crédito de un concepto presupuestario a otro del mismo estado de gastos","Permiten trasladar créditos entre ingresos y gastos indistintamente","Solo pueden realizarse dentro de un mismo Centro de Gestión","Siempre requieren autorización previa del Gobierno de la Comunidad de Madrid","1","El artículo 6 define las transferencias como traslados de la totalidad o parte del crédito de un concepto presupuestario a otro del mismo estado de gastos. El órgano competente depende del tipo de transferencia. :contentReference[oaicite:56]{index=56}"
"¿Cuál de las siguientes afirmaciones sobre las redistribuciones de crédito es correcta?","Pueden producirse entre Centros cuando se realizan dentro de un mismo capítulo como consecuencia de una descentralización o centralización operativa del gasto","Pueden trasladar libremente crédito entre cualquier capítulo presupuestario","Son equivalentes a las generaciones de crédito","Solo pueden afectar a ingresos","1","El artículo 7 incluye expresamente como redistribuciones las variaciones de créditos dentro de un mismo capítulo que se distribuyan entre Centros como consecuencia de una descentralización o centralización operativa del gasto. :contentReference[oaicite:57]{index=57}"
"¿Cuál de las siguientes afirmaciones sobre las incorporaciones de crédito es INCORRECTA?","Pueden realizarse automáticamente por cualquier remanente de crédito inferior a 300 euros","Requieren que exista superávit en la liquidación del presupuesto","Solo pueden afectar a determinados remanentes de crédito previstos en la norma","Deben respetar el principio de estabilidad presupuestaria en el ejercicio en curso","1","La norma establece que los remanentes susceptibles de incorporación deben tener un importe superior a 300 euros, además de cumplir las restantes condiciones. Por tanto, no se incorporan automáticamente los inferiores a 300 euros. :contentReference[oaicite:58]{index=58}"
"¿Cuál de las siguientes afirmaciones sobre el nivel de vinculación de los créditos es INCORRECTA?","Los gastos del Capítulo IV tienen siempre vinculación a nivel de capítulo","Los gastos del Capítulo I tienen vinculación a nivel de capítulo","Los gastos del Capítulo II tienen vinculación a nivel de capítulo","Los gastos del Capítulo VI tienen vinculación a nivel de capítulo","1","El artículo 5 establece expresamente como excepciones a la vinculación general por concepto los Capítulos I, II y VI. El Capítulo IV no figura entre esas excepciones y, por tanto, mantiene la regla general de vinculación a nivel de concepto dentro de cada Centro y programa. :contentReference[oaicite:59]{index=59}"
"¿Cuál de las siguientes afirmaciones sobre la competencia para aprobar transferencias es INCORRECTA?","El Rector aprueba todas las transferencias entre capítulos, cualquiera que sea su importe","El Rector puede aprobar transferencias entre capítulos de gastos corrientes cuando el importe sea inferior al límite establecido para contratos menores de obra","El Consejo de Gobierno interviene cuando se supera dicho límite en transferencias entre capítulos de gastos corrientes o entre capítulos de gastos de capital","El Consejo Social interviene en las transferencias de gastos corrientes a gastos de capital","1","La opción 1 es incorrecta porque la competencia del Rector en transferencias entre capítulos está condicionada por el importe. Cuando se supera el límite establecido, interviene el Consejo de Gobierno. :contentReference[oaicite:60]{index=60}"
"Un Centro pretende trasladar 2.000 euros del concepto 220 al concepto 226, ambos del Capítulo II y pertenecientes al mismo Centro de Gestión. ¿Qué figura presupuestaria corresponde?","Una redistribución de créditos","Una transferencia entre capítulos","Una generación de créditos","Una incorporación de créditos","1","El artículo 7 considera redistribución la variación de créditos entre conceptos de un mismo capítulo y referidos a un mismo Centro de Gestión. No hay cambio de capítulo ni incorporación de remanentes ni generación vinculada a nuevos ingresos. :contentReference[oaicite:2]{index=2}"
"Una Universidad necesita trasladar crédito del Capítulo II al Capítulo VI. ¿Qué tipo de modificación debe tramitar?","Una transferencia de crédito entre capítulos de gastos corrientes y de capital","Una redistribución de créditos","Una rectificación presupuestaria","Una generación de crédito","1","El traslado entre Capítulos II y VI afecta a capítulos de distinta naturaleza: gastos corrientes y gastos de capital. Por tanto, es una transferencia de crédito y no una redistribución, que opera dentro de un mismo capítulo. :contentReference[oaicite:3]{index=3}"
"Un Centro recibe una aportación de una entidad privada para financiar conjuntamente con la Universidad un gasto comprometido con los fines de la Universidad. ¿Qué mecanismo presupuestario puede utilizarse?","Generación de crédito","Incorporación de crédito","Redistribución de crédito","Rectificación presupuestaria","1","Las aportaciones de personas naturales o jurídicas para financiar conjuntamente con la Universidad gastos comprometidos con sus fines y objetivos aparecen expresamente entre los supuestos que pueden generar crédito. :contentReference[oaicite:4]{index=4}"
"Un Centro obtuvo ingresos por la prestación de servicios durante el ejercicio. ¿Qué mecanismo permite que determinados ingresos derivados de dicha prestación incrementen los créditos del estado de gastos?","La generación de créditos","La incorporación de créditos","La redistribución de créditos","La rectificación presupuestaria","1","La prestación de servicios figura expresamente entre las operaciones cuyos ingresos efectivamente recaudados y derechos reconocidos o compromisos de ingresos pueden generar créditos en los estados de gastos. :contentReference[oaicite:5]{index=5}"
"Un crédito de gasto no utilizado al finalizar el ejercicio asciende a 250 euros, existe superávit y está vinculado a un expediente de contratación no adjudicado antes del 31 de diciembre. ¿Puede incorporarse por el mecanismo previsto en el artículo 6?","No, porque el remanente debe ser superior a 300 euros","Sí, porque cualquier crédito incluido en un expediente de contratación puede incorporarse","Sí, porque basta con que exista superávit","No, porque los expedientes de contratación nunca pueden incorporarse","1","Aunque se cumplen las circunstancias del expediente de contratación y existe superávit, el artículo 6 exige además que el remanente de crédito sea superior a 300 euros. Al ser de 250 euros, no cumple ese requisito. :contentReference[oaicite:6]{index=6}"
"Un crédito no ejecutado asciende a 500 euros y garantiza un compromiso de gasto contraído antes del cierre del ejercicio que no pudo realizarse por motivos justificados. Existe superávit. ¿Puede incorporarse?","Sí, si se cumplen también los restantes límites y se respeta la estabilidad presupuestaria","No, porque solo pueden incorporarse créditos derivados de expedientes de contratación","No, porque los créditos comprometidos nunca pueden incorporarse","Sí, automáticamente, sin necesidad de autorización","1","El supuesto está expresamente contemplado: créditos superiores a 300 euros que garanticen compromisos contraídos hasta el último día del ejercicio y no realizados por motivos justificados pueden incorporarse si existe superávit y se cumplen las demás condiciones. La incorporación debe ser autorizada por el Rector. :contentReference[oaicite:7]{index=7}"
"Un expediente de contratación no ha sido adjudicado antes del 31 de diciembre y contiene un crédito de 1.000 euros. Existe superávit en la liquidación. ¿Cuál es la respuesta correcta?","El crédito puede incorporarse al ejercicio siguiente si se cumplen las restantes condiciones","El crédito debe anularse necesariamente por no haberse adjudicado","El crédito se convierte automáticamente en una transferencia de crédito","El crédito genera automáticamente un nuevo ingreso presupuestario","1","El artículo 6 contempla expresamente los gastos incursos en expedientes de contratación que no hayan sido adjudicados antes del 31 de diciembre como susceptibles de incorporación, siempre que concurran las demás condiciones. :contentReference[oaicite:8]{index=8}"
"¿Cuál es el órgano competente para autorizar una incorporación de crédito?","El Rector","El Consejo de Gobierno","El Consejo Social","El Gobierno de la Comunidad de Madrid","1","El artículo 6 establece expresamente que las incorporaciones de créditos serán autorizadas por el Rector. :contentReference[oaicite:9]{index=9}"
"¿Cuál es el órgano competente para aprobar una redistribución de crédito?","El Rector","El Consejo de Gobierno","El Consejo Social","La DEF-Servicio de Presupuestos","1","El artículo 7 establece que las redistribuciones de crédito serán aprobadas por el Rector. La DEF-Servicio de Presupuestos gestiona las solicitudes, pero no sustituye al órgano competente para aprobarlas. :contentReference[oaicite:10]{index=10}"
"¿Qué función corresponde a la DEF-Servicio de Presupuestos en materia de modificaciones presupuestarias?","Gestionar las solicitudes de modificaciones presupuestarias","Aprobar todas las modificaciones presupuestarias","Autorizar exclusivamente las generaciones de crédito","Aprobar las transferencias entre capítulos","1","El artículo 8 establece que todas las solicitudes de modificaciones presupuestarias se gestionarán a través de la DEF-Servicio de Presupuestos. La aprobación corresponde al órgano competente en cada tipo de modificación. :contentReference[oaicite:11]{index=11}"
"Conforme al artículo 8 de las Normas Básicas de Gestión de la UC3M, ¿qué actuación corresponde al responsable del Centro solicitante al iniciar una modificación presupuestaria?","Remitir una propuesta en la que se explique la necesidad de la modificación presupuestaria.","Remitir la modificación presupuestaria ya aprobada, acompañada de la justificación de la necesidad del gasto.","Solicitar directamente al órgano competente la autorización de la modificación, sin necesidad de formular previamente una propuesta.","Remitir una propuesta de modificación limitada a identificar el crédito que se pretende alterar, sin necesidad de explicar su necesidad.","1","El artículo 8 establece que el responsable del Centro solicitante deberá remitir una propuesta explicando la necesidad de la modificación presupuestaria. Por tanto, su actuación inicial consiste en formular y remitir la propuesta debidamente justificada, no en aprobar directamente la modificación."
"Una modificación presupuestaria financiada con remanentes del ejercicio anterior se plantea correctamente. ¿Quién debe autorizarla?","El Rector","El Consejo de Gobierno","El Consejo Social","La Comunidad de Madrid","1","El artículo 6 establece como regla específica que todas las modificaciones presupuestarias financiadas con remanentes del ejercicio anterior serán autorizadas por el Rector y estarán condicionadas al cumplimiento de los criterios de estabilidad presupuestaria. :contentReference[oaicite:13]{index=13}"
"Una modificación financiada con remanentes del ejercicio anterior cumple todos los requisitos económicos, pero no respeta los criterios de estabilidad presupuestaria. ¿Puede autorizarse?","No, porque la norma condiciona estas modificaciones al cumplimiento de los criterios de estabilidad presupuestaria","Sí, porque la existencia de remanente permite siempre la modificación","Sí, si la aprueba el Consejo Social","Sí, pero únicamente si se trata de una transferencia de crédito","1","El artículo 6 establece expresamente que las modificaciones financiadas con remanentes del ejercicio anterior están condicionadas al cumplimiento de los criterios de estabilidad presupuestaria. :contentReference[oaicite:14]{index=14}"
"¿Cuál de las siguientes operaciones puede dar lugar a una rectificación presupuestaria?","La corrección de un error material","La obtención de ingresos por prestación de servicios","La incorporación de un remanente superior a 300 euros","El traslado de crédito del Capítulo II al VI","1","Las rectificaciones presupuestarias incluyen expresamente las rectificaciones de error material. La prestación de servicios puede generar crédito, la incorporación de remanentes constituye otro mecanismo y el traslado entre capítulos es una transferencia. :contentReference[oaicite:15]{index=15}"
"Una distribución de un crédito inicial global acordada por una Comisión Delegada afecta a varios programas de gasto. ¿Qué tratamiento recibe?","Puede considerarse una rectificación presupuestaria","Debe tramitarse necesariamente como transferencia entre capítulos","Debe tramitarse como generación de crédito","Debe considerarse una incorporación de crédito","1","El artículo 6 incluye entre las rectificaciones presupuestarias las distribuciones de un crédito inicial global acordadas por las Comisiones Delegadas competentes, aunque afecten a distintos programas de gasto. :contentReference[oaicite:16]{index=16}"
"¿Cuál de las siguientes afirmaciones diferencia correctamente las rectificaciones presupuestarias de las transferencias de crédito conforme a las Normas Básicas de Gestión de la UC3M?","Las rectificaciones atienden a los supuestos previstos específicamente en el artículo 6, mientras que las transferencias de crédito implican el traslado total o parcial de crédito de un concepto presupuestario a otro del mismo estado de gastos.","Las rectificaciones y las transferencias constituyen modificaciones del presupuesto, pero las primeras trasladan crédito entre conceptos y las segundas corrigen exclusivamente errores materiales o de desagregación.","Las transferencias de crédito permiten modificar indistintamente los estados de gastos e ingresos, mientras que las rectificaciones solo pueden afectar a conceptos del estado de gastos.","Las rectificaciones presupuestarias y las transferencias de crédito producen el mismo efecto sobre los créditos, diferenciándose únicamente por el órgano competente para su aprobación.","1","Las Normas Básicas de Gestión distinguen ambas figuras. El artículo 6 contempla los supuestos de rectificación presupuestaria, entre ellos la corrección de errores materiales y determinadas desagregaciones o ajustes de conceptos. Por su parte, la transferencia de crédito consiste en el traslado total o parcial de crédito de un concepto presupuestario a otro del mismo estado de gastos."
"¿Qué debe garantizarse cuando se propone disminuir mediante una transferencia un crédito que dispone de financiación global?","Que quede consignación suficiente para atender los gastos previstos hasta el final del ejercicio","Que el crédito resultante sea superior a 300 euros","Que el gasto pase al Capítulo VI","Que exista necesariamente financiación procedente de la Comunidad de Madrid","1","El artículo 6 exige garantizar que quedará consignación suficiente para atender los gastos previstos hasta final de ejercicio cuando se disminuya un crédito de los que tienen financiación global. :contentReference[oaicite:18]{index=18}"
"Una transferencia se realiza entre dos capítulos de gastos corrientes y su importe es inferior al límite máximo establecido para los contratos menores de obra. ¿Quién la aprueba?","El Rector","El Consejo de Gobierno","El Consejo Social","El Gobierno de la Comunidad de Madrid","1","Las transferencias entre capítulos de gastos corrientes, cuando su importe sea menor al límite máximo fijado para los contratos menores de obra, son aprobadas por el Rector. :contentReference[oaicite:19]{index=19}"
"Una transferencia se realiza entre dos capítulos de gastos corrientes y su importe supera el límite máximo establecido para los contratos menores de obra. ¿Quién la aprueba?","El Consejo de Gobierno","El Rector","El Consejo Social","El Gobierno de la Comunidad de Madrid","1","Cuando la transferencia entre capítulos de gastos corrientes supera dicho límite, corresponde al Consejo de Gobierno. El Rector solo es competente cuando el importe es menor al límite establecido. :contentReference[oaicite:20]{index=20}"
"Una transferencia se realiza entre capítulos de gastos de capital y su importe es inferior al límite máximo establecido para los contratos menores de obra. ¿Quién la aprueba?","El Rector","El Consejo de Gobierno","El Consejo Social","El Gobierno de la Comunidad de Madrid","1","La misma regla se aplica a las transferencias entre capítulos de gastos de capital: si el importe es menor al límite establecido para los contratos menores de obra, la aprobación corresponde al Rector. :contentReference[oaicite:21]{index=21}"
"Una transferencia se realiza entre capítulos de gastos de capital y supera el límite máximo establecido para los contratos menores de obra. ¿Quién la aprueba?","El Consejo de Gobierno","El Rector","El Consejo Social","El Gobierno de la Comunidad de Madrid","1","Las transferencias entre capítulos de gastos de capital que superan el límite corresponden al Consejo de Gobierno. :contentReference[oaicite:22]{index=22}"
"¿Quién aprueba una transferencia desde un capítulo de gastos corrientes a un capítulo de gastos de capital?","El Consejo Social","El Rector","El Consejo de Gobierno","La DEF-Servicio de Presupuestos","1","El artículo 6 atribuye al Consejo Social las transferencias entre capítulos de gastos corrientes y capítulos de gastos de capital. :contentReference[oaicite:23]{index=23}"
"¿Qué requisito adicional existe cuando se pretende transferir crédito desde operaciones de capital a operaciones corrientes?","Debe existir autorización previa del Gobierno de la Comunidad de Madrid, que será promovida por el Consejo Social","Debe existir autorización previa del Rector","Debe existir autorización previa de la DEF-Servicio de Presupuestos","No existe ningún requisito adicional respecto de una transferencia entre capítulos de la misma naturaleza","1","El artículo 6 establece que la transferencia desde capítulos de operaciones de capital a gastos por operaciones corrientes corresponde al Consejo Social previa autorización del Gobierno de la Comunidad de Madrid; el Consejo Social promoverá dicha autorización. :contentReference[oaicite:24]{index=24}"
"¿Cuál de las siguientes afirmaciones sobre las transferencias de crédito coincide con los Estatutos de la UC3M?","Las transferencias entre capítulos de gastos corrientes o de capital corresponden al Rector por debajo del límite de contratos menores de obra y al Consejo de Gobierno por encima de dicho límite","Todas las transferencias corresponden al Rector sin excepción","Las transferencias entre gastos corrientes y de capital corresponden al Consejo de Gobierno","Las transferencias de capital a corriente corresponden directamente al Gobierno de la Comunidad de Madrid","1","El artículo 172 de los Estatutos reproduce la distribución competencial entre Rector y Consejo de Gobierno según el límite de contratos menores de obra y atribuye al Consejo Social las transferencias entre capítulos de gastos corrientes y de capital. :contentReference[oaicite:25]{index=25}"
"¿Qué artículo de los Estatutos de la UC3M regula específicamente las transferencias de crédito?","El artículo 172","El artículo 170","El artículo 171","El artículo 173","1","El artículo 172 de los Estatutos regula las transferencias de crédito y determina los órganos competentes para aprobarlas. El artículo 170 regula el presupuesto, el 171 la memoria económica anual y el 173 los remanentes específicos. :contentReference[oaicite:26]{index=26}"
"¿Qué artículo de los Estatutos de la Universidad Carlos III de Madrid regula específicamente las transferencias de crédito dentro del régimen económico y financiero de la Universidad?","El artículo 172, que establece los órganos competentes para aprobarlas según el tipo e importe de la transferencia.","El artículo 170, que regula el presupuesto anual y atribuye al Gerente la confección del anteproyecto.","El artículo 171, que regula la memoria económica anual y su aprobación por los órganos universitarios.","El artículo 173, que regula los remanentes específicos que pueden generar crédito en el ejercicio siguiente.","1","El artículo 172 de los Estatutos regula específicamente las transferencias de crédito y determina los órganos competentes para aprobarlas. El artículo 170 regula el presupuesto, el 171 la memoria económica anual y el 173 los remanentes específicos."
"Conforme al artículo 172 de los Estatutos de la Universidad Carlos III de Madrid, ¿qué órgano aprueba las transferencias de crédito entre capítulos de gastos corrientes y de capital cuando su importe es mayor que el límite máximo establecido para los contratos menores de obra?","El Consejo de Gobierno.","El Rector.","El Consejo Social.","El Gerente.","1","El artículo 172.1.b) atribuye al Consejo de Gobierno la aprobación de las transferencias de crédito entre capítulos de gastos corrientes y entre capítulos de gastos de capital cuando su importe sea mayor al fijado por la normativa vigente como límite máximo para los contratos menores de obra. El Rector es competente cuando el importe es inferior a dicho límite, mientras que el Consejo Social interviene cuando las transferencias se realizan entre capítulos de gastos corrientes y capítulos de gastos de capital."
"Según el artículo 172 de los Estatutos de la Universidad Carlos III de Madrid, ¿qué combinación de órgano y transferencia es correcta?","Consejo Social → transferencias entre capítulos de gastos corrientes y capítulos de gastos de capital.","Consejo de Gobierno → todas las transferencias entre capítulos, con independencia de que afecten a gastos corrientes o de capital.","Rector → transferencias entre capítulos de gastos corrientes y de capital, sin intervención del Consejo Social.","Gerente → transferencias entre capítulos de gastos corrientes y de capital cuando superen el límite establecido para los contratos menores.","1","El artículo 172 atribuye al Consejo Social la aprobación de las transferencias de crédito entre capítulos de gastos corrientes y capítulos de gastos de capital. La regulación distingue este supuesto de las transferencias que corresponden a otros órganos."
"¿Qué artículo de los Estatutos regula los remanentes específicos que pueden generar crédito en el ejercicio siguiente?","El artículo 173","El artículo 170","El artículo 171","El artículo 172","1","El artículo 173 establece que determinados remanentes específicos resultantes de las liquidaciones de los Centros, Departamentos, Doctorados, Institutos Universitarios de Investigación, Másteres y otros centros, así como los generados por convenios, acuerdos o contratos específicos, pueden generar crédito en el ejercicio siguiente si existe remanente suficiente para su financiación. :contentReference[oaicite:27]{index=27}"
"¿Cuál de los siguientes grupos aparece expresamente incluido en el artículo 173 de los Estatutos entre los centros cuyos remanentes pueden ser considerados específicos?","Centros de la Universidad, Departamentos, Doctorados, Institutos Universitarios de Investigación y Másteres","Únicamente Facultades y Escuelas","Únicamente Departamentos e Institutos Universitarios de Investigación","Solo Centros de Gestión y Unidades administrativas","1","El artículo 173 menciona expresamente Centros de la Universidad, Departamentos, Doctorados, Institutos Universitarios de Investigación, Másteres y otros centros. :contentReference[oaicite:28]{index=28}"
"¿Qué condición exige el artículo 173 de los Estatutos para que los remanentes específicos puedan generar crédito?","Que exista remanente suficiente para su financiación","Que sean superiores a 300 euros","Que hayan sido generados exclusivamente por transferencias de capital","Que exista autorización previa del Consejo Social","1","El artículo 173 exige que exista remanente suficiente para su financiación. El umbral de 300 euros pertenece al régimen de determinadas incorporaciones de crédito de las Normas de ejecución, no a la definición estatutaria de remanente específico. :contentReference[oaicite:29]{index=29}"
"¿Cuál es la diferencia entre el artículo 173 de los Estatutos y el régimen de incorporaciones del artículo 6 de las Normas de ejecución?","El artículo 173 regula los remanentes específicos que pueden generar crédito, mientras que el artículo 6 regula además las condiciones para incorporar determinados remanentes de crédito al ejercicio siguiente","Ambos artículos regulan exactamente la misma operación y utilizan los mismos requisitos","El artículo 173 regula exclusivamente transferencias de crédito y el artículo 6 exclusivamente ingresos","El artículo 173 regula rectificaciones y el artículo 6 redistribuciones","1","El artículo 173 de los Estatutos se refiere a los remanentes específicos que pueden generar crédito. El artículo 6 de las Normas regula diversos tipos de modificación, entre ellos generación e incorporación, y establece requisitos específicos para cada mecanismo. :contentReference[oaicite:30]{index=30} :contentReference[oaicite:31]{index=31}"
"¿Qué órgano tiene atribuida estatutariamente la aprobación de las modificaciones del presupuesto cuando la competencia no corresponda al Consejo Social?","El Rector","El Gerente","El Consejo de Gobierno","La DEF-Servicio de Presupuestos","1","Los Estatutos atribuyen al Rector la competencia de aprobar las modificaciones del presupuesto cuando la competencia no corresponda al Consejo Social. Esto debe ponerse en relación con las competencias específicas distribuidas posteriormente entre Rector, Consejo de Gobierno y Consejo Social. :contentReference[oaicite:32]{index=32}"
"¿Qué diferencia existe entre la competencia general del Rector sobre modificaciones presupuestarias y la competencia específica del Consejo Social?","El Rector aprueba las modificaciones cuando la competencia no corresponde al Consejo Social, mientras que determinadas transferencias entre gastos corrientes y de capital corresponden al Consejo Social","El Rector solo puede aprobar modificaciones de ingresos y el Consejo Social todas las de gastos","El Consejo Social aprueba todas las modificaciones y el Rector solo las rectificaciones","No existe ninguna diferencia competencial entre ambos órganos","1","Los Estatutos atribuyen al Rector la competencia general salvo cuando corresponda al Consejo Social, y el artículo 172 reserva al Consejo Social determinadas transferencias entre capítulos de gastos corrientes y de capital. :contentReference[oaicite:33]{index=33} :contentReference[oaicite:34]{index=34}"
"¿Cuál de las siguientes afirmaciones sobre la relación entre el artículo 172 de los Estatutos y las Normas de ejecución presupuestaria es correcta?","Las Normas de ejecución desarrollan el régimen de modificaciones dentro del marco establecido por los Estatutos y por la normativa de la Comunidad de Madrid","Las Normas de ejecución pueden eliminar las competencias atribuidas al Consejo Social por los Estatutos","Los Estatutos solo se aplican a los ingresos y las Normas de ejecución a los gastos","Las Normas de ejecución tienen carácter superior a los Estatutos en materia presupuestaria","1","El artículo 172 de los Estatutos remite expresamente a las normas y procedimientos establecidos por la Comunidad de Madrid para el desarrollo y ejecución del presupuesto. Las Normas de ejecución de 2026 concretan el régimen aplicable respetando ese marco. :contentReference[oaicite:35]{index=35}"
"¿Cuál de las siguientes situaciones constituye una generación de crédito y NO una incorporación de crédito?","La recaudación efectiva de ingresos derivados de la prestación de servicios que permite generar crédito","Un crédito superior a 300 euros que garantiza un compromiso no ejecutado por motivos justificados","Un gasto de un expediente de contratación no adjudicado antes del 31 de diciembre","Un remanente de crédito susceptible de trasladarse al ejercicio siguiente por existir superávit","1","Los ingresos derivados de la prestación de servicios pueden generar créditos. Las otras tres opciones describen supuestos de incorporación de remanentes de crédito al ejercicio siguiente. :contentReference[oaicite:36]{index=36} :contentReference[oaicite:37]{index=37}"
"¿Cuál de las siguientes situaciones constituye una incorporación de crédito y NO una generación?","Un crédito de 1.000 euros de un expediente de contratación no adjudicado antes del 31 de diciembre, existiendo superávit","Una aportación de una persona jurídica para financiar conjuntamente un gasto universitario","Un ingreso efectivamente recaudado por prestación de servicios","La enajenación de un bien propio","1","El primer supuesto encaja en las incorporaciones previstas en el artículo 6. Las aportaciones, la prestación de servicios y la enajenación de bienes propios aparecen como supuestos de generación de créditos. :contentReference[oaicite:38]{index=38} :contentReference[oaicite:39]{index=39}"
"¿Cuál de las siguientes situaciones constituye una redistribución y NO una transferencia?","El traslado de crédito entre dos conceptos del mismo capítulo dentro del mismo Centro de Gestión","El traslado de crédito del Capítulo II al Capítulo VI","El traslado de crédito del Capítulo VI al Capítulo II","El traslado de crédito entre capítulos de gastos corrientes","1","El artículo 7 define como redistribución la variación entre conceptos de un mismo capítulo y referida al mismo Centro de Gestión. Los traslados entre capítulos son transferencias. :contentReference[oaicite:40]{index=40}"
"¿Cuál de las siguientes situaciones constituye una rectificación presupuestaria y NO una redistribución?","La corrección de un error material en el presupuesto","El traslado de crédito entre conceptos del mismo capítulo y Centro de Gestión","El traslado de crédito entre Centros dentro de un mismo capítulo por descentralización operativa","El traslado de crédito entre dos conceptos del mismo capítulo","1","La corrección de un error material aparece expresamente entre las rectificaciones presupuestarias. Las otras opciones describen supuestos de redistribución conforme al artículo 7. :contentReference[oaicite:41]{index=41} :contentReference[oaicite:42]{index=42}"
"¿Qué órgano tiene la competencia general para aprobar las redistribuciones de créditos, aunque exista una delegación específica de firma en materia de investigación?","El Rector","El Vicerrector de Investigación y Transferencia en todos los casos","El Consejo de Gobierno","El Consejo Social","1","El artículo 7 establece que las redistribuciones serán aprobadas por el Rector. Mediante resolución del Rector se delega en el Vicerrector de Investigación y Transferencia la firma de las redistribuciones entre proyectos y conceptos del Capítulo VI de gastos de investigación. :contentReference[oaicite:43]{index=43}"
"¿Qué ámbito concreto comprende la delegación de firma efectuada en favor del Vicerrector de Investigación y Transferencia?","Las redistribuciones de créditos entre los proyectos y conceptos del Capítulo VI de gastos de investigación","Todas las modificaciones presupuestarias de la Universidad","Todas las transferencias entre capítulos de gastos de capital","Todas las generaciones de crédito financiadas con investigación","1","La delegación está expresamente limitada a las redistribuciones de créditos presupuestarios entre proyectos y conceptos del Capítulo VI de gastos de investigación. No se extiende a todas las modificaciones ni a todas las transferencias o generaciones. :contentReference[oaicite:44]{index=44}"
"¿Qué ocurre con un crédito para gastos que al último día del ejercicio no está sujeto al cumplimiento de obligaciones ya reconocidas y no cumple ningún supuesto de incorporación?","Queda anulado","Se incorpora automáticamente al ejercicio siguiente","Genera automáticamente un crédito equivalente","Se convierte en un crédito de inversión","1","El artículo 6 establece como regla general que estos créditos quedan anulados. Solo excepcionalmente pueden incorporarse si concurren las condiciones previstas. :contentReference[oaicite:45]{index=45}"
"¿Cuál de las siguientes condiciones NO es necesaria para las incorporaciones de crédito reguladas en el artículo 6?","Que el remanente proceda necesariamente de una transferencia de la Comunidad de Madrid","Que exista superávit en la liquidación del presupuesto","Que el importe del remanente sea superior a 300 euros","Que se respete el principio de estabilidad presupuestaria en el ejercicio en curso","1","La norma no exige que el remanente proceda de una transferencia de la Comunidad de Madrid. Sí exige, para los supuestos indicados, importe superior a 300 euros, existencia de superávit y respeto de la estabilidad presupuestaria. :contentReference[oaicite:46]{index=46}"
"¿Cuál de las siguientes afirmaciones sobre las generaciones de crédito es correcta?","Pueden producirse por ingresos efectivamente recaudados y por derechos reconocidos o compromisos de ingresos derivados de determinadas operaciones previstas en la norma","Solo pueden producirse cuando exista superávit en la liquidación","Solo pueden producirse mediante transferencias de la Comunidad de Madrid","Siempre requieren una transferencia previa desde otro concepto presupuestario","1","El artículo 6 contempla como fuente de generación los ingresos efectivamente recaudados y los derechos reconocidos o compromisos de ingresos derivados de las operaciones enumeradas. El superávit es una condición de determinadas incorporaciones, no de toda generación. :contentReference[oaicite:47]{index=47}"
"¿Cuál de las siguientes opciones contiene exclusivamente supuestos expresamente mencionados como generadores de crédito?","Aportaciones de personas naturales o jurídicas, prestación de servicios y enajenación de bienes propios","Errores materiales, dietas y transferencias entre capítulos","Expedientes de contratación no adjudicados, errores materiales y redistribuciones","Superávit, contratos menores y subvenciones nominativas","1","Las aportaciones de personas naturales o jurídicas, la prestación de servicios y la enajenación de bienes propios figuran expresamente entre las operaciones cuyos ingresos pueden generar créditos. :contentReference[oaicite:48]{index=48}"
"⭐⭐⭐ ¿Qué afirmación refleja mejor la relación entre el carácter vinculante del crédito y las modificaciones presupuestarias?","Si una necesidad de gasto excede el nivel de vinculación aplicable, debe autorizarse expresamente por el órgano competente y tramitarse una propuesta razonada a través de la DEF-Servicio de Presupuestos","La vinculación permite superar libremente los créditos siempre que exista remanente","La existencia de un crédito en otro Centro permite utilizarlo sin modificación alguna","La vinculación solo afecta a los ingresos y no a los gastos","1","El artículo 5 establece que cualquier necesidad de gasto que exceda la limitación derivada del nivel de vinculación requiere autorización expresa del órgano competente y propuesta razonada tramitada a través de la DEF-Servicio de Presupuestos. :contentReference[oaicite:49]{index=49}"
"Conforme al artículo 5 del Presupuesto 2026 de la Universidad Carlos III de Madrid, ¿qué sucede cuando una necesidad de gasto excede el nivel de vinculación establecido para el crédito?","La realización del gasto queda condicionada a su autorización expresa por el órgano competente, previa tramitación de una propuesta razonada a través de la DEF-Servicio de Presupuestos.","La existencia de crédito disponible en otro Centro de Gestión permite realizar el gasto sin autorización adicional, siempre que se mantenga la misma clasificación económica.","El responsable del Centro puede superar el nivel de vinculación mediante una redistribución interna, sin necesidad de autorización del órgano competente.","La existencia de remanente de tesorería permite superar automáticamente el nivel de vinculación, quedando la modificación presupuestaria para su tramitación posterior.","1","El artículo 5 establece que cualquier necesidad de realización de gastos que exceda la limitación derivada del nivel de vinculación queda condicionada a la autorización expresa del órgano competente, previa tramitación de una propuesta razonada a través de la DEF-Servicio de Presupuestos. El artículo añade que los créditos pueden variar como consecuencia de las modificaciones presupuestarias reguladas posteriormente."
"Una unidad dispone de crédito suficiente dentro del mismo nivel de vinculación, pero necesita modificar su distribución entre conceptos del mismo capítulo y del mismo Centro de Gestión. ¿Qué figura presupuestaria describe esta operación conforme al artículo 7 del Presupuesto 2026?","Una redistribución de créditos.","Una transferencia de crédito entre estados de gastos.","Una generación de créditos financiada con remanente específico.","Una incorporación de créditos del ejercicio anterior.","1","El artículo 7 define como redistribuciones las variaciones en la cuantía de los créditos entre conceptos de un mismo capítulo y referidos a un mismo Centro de Gestión. Las transferencias, generaciones e incorporaciones constituyen otras modalidades de modificación presupuestaria reguladas en el artículo 6."
"¿Cuál de las siguientes afirmaciones sobre los Capítulos I, II y VI y las modificaciones presupuestarias es correcta?","Sus créditos tienen vinculación a nivel de capítulo, aunque las atenciones protocolarias y representativas y las subvenciones nominativas tienen reglas específicas de vinculación","Todos sus créditos vinculan a nivel de concepto sin excepción","Solo el Capítulo VI vincula a nivel de capítulo","Los tres capítulos vinculan a nivel de subconcepto","1","El artículo 5 establece que los Capítulos I, II y VI tienen vinculación a nivel de capítulo, pero introduce una excepción específica para atenciones protocolarias y representativas y conceptos que establezcan subvenciones nominativas, que vinculan al nivel en que aparezcan desagregados. :contentReference[oaicite:50]{index=50}"
"¿Cuál sería la secuencia correcta ante una necesidad de modificación presupuestaria promovida por un Centro?","El responsable del Centro formula una propuesta explicando la necesidad y la solicitud se gestiona a través de la DEF-Servicio de Presupuestos, que la tramita ante el órgano competente","El responsable del Centro aprueba la modificación y posteriormente la comunica al Rector","La DEF-Servicio de Presupuestos aprueba directamente todas las modificaciones","El Consejo Social inicia todas las modificaciones a propuesta del Centro","1","El artículo 8 establece que todas las solicitudes se gestionarán a través de la DEF-Servicio de Presupuestos y que el responsable del Centro solicitante debe remitir una propuesta explicando la necesidad de la modificación. La aprobación final corresponde al órgano competente según el tipo de modificación. :contentReference[oaicite:51]{index=51}"
